Token,POS,NE,Lemma,Anglicism,Adapted
sharenting,NOUN,O,sharenting,TRUE,False
problema,NOUN,O,problema,FALSE,
moderno,ADJ,O,moderno,FALSE,
paternidad,NOUN,O,paternidad,FALSE,
compartes,NOUN,O,compartir,FALSE,
internet,NOUN,O,internet,FALSE,
internet,NOUN,O,internet,TRUE,True
internet,NOUN,O,internet,TRUE,False
vida,NOUN,O,vida,FALSE,
hijos,NOUN,O,hijo,FALSE,
punto,NOUN,O,punto,FALSE,
quieres,VERB,O,querer,FALSE,
información,NOUN,O,información,FALSE,
redes,NOUN,O,redar,FALSE,
sociales,ADJ,O,social,FALSE,
anglicismo,NOUN,O,anglicismo,FALSE,
proviene,VERB,O,provenir,FALSE,
share,NOUN,O,share,TRUE,False
compartir,VERB,O,compartir,FALSE,
parenting,NOUN,O,parenting,TRUE,False
consiste,VERB,O,consistir,FALSE,
documentar,VERB,O,documentar,FALSE,
primeras,ADJ,O,primero,FALSE,
sonrisas,NOUN,O,sonrisa,FALSE,
palabras,NOUN,O,palabra,FALSE,
pasos,NOUN,O,paso,FALSE,
anécdotas,NOUN,O,anécdota,FALSE,
pequeños,ADJ,O,pequeño,FALSE,
convertido,VERB,O,convertir,FALSE,
práctica,NOUN,O,práctico,FALSE,
habitual,ADJ,O,habitual,FALSE,
diccionario,NOUN,O,diccionario,FALSE,
británico,ADJ,O,británico,FALSE,
incluyó,VERB,O,incluir,FALSE,
páginas,NOUN,O,página,FALSE,
2016,NOUN,O,2016,FALSE,
fenómeno,NOUN,O,fenómeno,FALSE,
crecer,VERB,O,crecer,FALSE,
existido,VERB,O,existir,FALSE,
generación,NOUN,O,generación,FALSE,
niños,NOUN,O,niño,FALSE,
infancia,NOUN,O,infancia,FALSE,
pública,ADJ,O,público,FALSE,
probable,ADJ,O,probable,FALSE,
crezcan,VERB,O,crecer,FALSE,
dañino,ADJ,O,dañino,FALSE,
categorías,NOUN,O,categoría,FALSE,
decirse,VERB,O,decirse,FALSE,
padres,NOUN,O,padre,FALSE,
orgullosos,ADJ,O,orgulloso,FALSE,
irritados,ADJ,O,irritar,FALSE,
encantaría,VERB,O,encantar,FALSE,
contactos,NOUN,O,contacto,FALSE,
supieran,VERB,O,saber,FALSE,
encargan,VERB,O,encargar,FALSE,
publicando,VERB,O,publicar,FALSE,
foto,NOUN,O,foto,FALSE,
anécdota,VERB,O,anécdota,FALSE,
red,NOUN,O,red,FALSE,
social,ADJ,O,social,FALSE,
encanta,VERB,O,encantar,FALSE,
publicar,VERB,O,publicar,FALSE,
fotos,NOUN,O,foto,FALSE,
pequeño,ADJ,O,pequeño,FALSE,
amigos,NOUN,O,amigo,FALSE,
familiares,NOUN,O,familiar,FALSE,
comenten,VERB,O,comentar,FALSE,
hagan,VERB,O,hacer,FALSE,
clic,NOUN,O,clic,TRUE,True
comentando,VERB,O,comentar,FALSE,
like,VERB,O,like,TRUE,False
increíble,ADJ,O,increíble,FALSE,
sentirme,VERB,O,sentirme,FALSE,
vidas,NOUN,O,vida,FALSE,
kilómetros,NOUN,O,kilómetro,FALSE,
distancia,NOUN,O,distanciar,FALSE,
opinión,NOUN,O,opinión,FALSE,
indecentes,ADJ,O,indecente,FALSE,
justificar,VERB,O,justificar,FALSE,
presencia,NOUN,O,presenciar,FALSE,
niño,NOUN,O,niño,FALSE,
pregunta,VERB,O,preguntar,FALSE,
crece,VERB,O,crecer,FALSE,
agrega,VERB,O,agregar,FALSE,
permiso,NOUN,O,permiso,FALSE,
menor,ADJ,O,menor,FALSE,
indecente,ADJ,O,indecente,FALSE,
privacidad,NOUN,O,privacidad,FALSE,
cautelosos,ADJ,O,cauteloso,FALSE,
hora,NOUN,O,hora,FALSE,
imágenes,NOUN,O,imagen,FALSE,
aparecen,VERB,O,aparecer,FALSE,
menores,ADJ,O,menor,FALSE,
hijo,NOUN,O,hijo,FALSE,
explica,VERB,O,explicar,FALSE,
briánica,NOUN,O,briánica,FALSE,
humano,ADJ,O,humanar,FALSE,
derecho,NOUN,O,derecho,FALSE,
persona,NOUN,O,personar,FALSE,
capacidad,NOUN,O,capacidad,FALSE,
comprensión,NOUN,O,comprensión,FALSE,
significa,VERB,O,significar,FALSE,
adulto,ADJ,O,adulto,FALSE,
madre,NOUN,O,madre,FALSE,
asegurarse,VERB,O,asegurarse,FALSE,
derechos,NOUN,O,derecho,FALSE,
reconocidos,ADJ,O,reconocer,FALSE,
respetados,ADJ,O,respetar,FALSE,
personas,NOUN,O,personar,FALSE,
irritadas,ADJ,O,irritar,FALSE,
hartas,NOUN,O,harto,FALSE,
repletos,ADJ,O,repleto,FALSE,
publican,VERB,O,publicar,FALSE,
mensajes,NOUN,O,mensaje,FALSE,
cumpleaños,NOUN,O,cumpleaños,FALSE,
mayores,ADJ,O,mayor,FALSE,
leerlo,NOUN,O,leerlo,FALSE,
cuenten,VERB,O,contar,FALSE,
díganselo,NOUN,O,díganselo,FALSE,
cara,NOUN,O,caro,FALSE,
viven,VERB,O,vivir,FALSE,
casa,NOUN,O,casar,FALSE,
concluye,VERB,O,concluir,FALSE,
regulador,NOUN,O,regulador,FALSE,
comunicaciones,NOUN,O,comunicación,FALSE,
elaboró,VERB,O,elaborar,FALSE,
estudio,NOUN,O,estudiar,FALSE,
2017,NOUN,O,2017,FALSE,
sugiere,VERB,O,sugerir,FALSE,
videos,NOUN,O,videos,FALSE,
familiares,ADJ,O,familiar,FALSE,
divisorio,ADJ,O,divisorio,FALSE,
divididos,ADJ,O,dividir,FALSE,
directora,NOUN,O,director,FALSE,
consumo,NOUN,O,consumir,FALSE,
noticia,NOUN,O,noticiar,FALSE,
seguros,ADJ,O,seguro,FALSE,
entrevistadas,ADJ,O,entrevistar,FALSE,
declararon,VERB,O,declarar,FALSE,
piensan,VERB,O,pensar,FALSE,
parecerá,VERB,O,parecer,FALSE,
compartan,VERB,O,compartir,FALSE,
preocupa,VERB,O,preocupar,FALSE,
piensen,VERB,O,pensar,FALSE,
años,NOUN,O,año,FALSE,
siglas,NOUN,O,sigla,FALSE,
inglés,NOUN,O,inglés,FALSE,
advierte,VERB,O,advertir,FALSE,
video,NOUN,O,video,FALSE,
publicada,VERB,O,publicar,FALSE,
crea,VERB,O,creer,FALSE,
huella,NOUN,O,hollar,FALSE,
digital,ADJ,O,digital,FALSE,
digital,ADJ,O,digital,TRUE,False
seguirlo,VERB,O,seguirlo,FALSE,
adulta,ADJ,O,adulto,FALSE,
importante,ADJ,O,importante,FALSE,
pedirle,NOUN,O,pedirle,FALSE,
contó,VERB,O,contar,FALSE,
vocera,NOUN,O,vocero,FALSE,
organismo,NOUN,O,organismo,FALSE,
piensa,VERB,O,pensar,FALSE,
gustaría,VERB,O,gustar,FALSE,
publicaras,NOUN,O,publicar,FALSE,
avergonzaría,VERB,O,avergonzar,FALSE,
hagas,NOUN,O,hacer,FALSE,
comparten,VERB,O,compartir,FALSE,
implicar,VERB,O,implicar,FALSE,
riesgos,NOUN,O,riesgo,FALSE,
seguridad,NOUN,O,seguridad,FALSE,
compañía,NOUN,O,compañía,FALSE,
servicios,NOUN,O,servicio,FALSE,
financieros,ADJ,O,financiero,FALSE,
puerta,NOUN,O,puerta,FALSE,
fraudes,NOUN,O,fraude,FALSE,
comprometiendo,VERB,O,comprometer,FALSE,
financiera,ADJ,O,financiero,FALSE,
futura,ADJ,O,futuro,FALSE,
medida,NOUN,O,medir,FALSE,
datos,NOUN,O,dato,FALSE,
calcula,VERB,O,calcular,FALSE,
2030,NOUN,O,2030,FALSE,
costar,VERB,O,costar,FALSE,
millones,NOUN,O,millón,FALSE,
línea,NOUN,O,líneo,FALSE,
responsable,ADJ,O,responsable,FALSE,
terceras,ADJ,O,tercero,FALSE,
partes,NOUN,O,partir,FALSE,
suplantaciones,NOUN,O,suplantación,FALSE,
identidad,NOUN,O,identidad,FALSE,
próxima,ADJ,O,próximo,FALSE,
década,NOUN,O,década,FALSE,
cometer,VERB,O,cometer,FALSE,
estafas,NOUN,O,estafar,FALSE,
fácil,ADJ,O,fácil,FALSE,
señala,VERB,O,señalar,FALSE,
falsa,ADJ,O,falso,FALSE,
sensación,NOUN,O,sensación,FALSE,
convierten,VERB,O,convertir,FALSE,
blancos,ADJ,O,blanco,FALSE,
fraude,NOUN,O,fraude,FALSE,
gracias,NOUN,O,gracia,FALSE,
permanece,VERB,O,permanecer,FALSE,
compartiendo,VERB,O,compartir,FALSE,
producirá,VERB,O,producir,FALSE,
casos,NOUN,O,caso,FALSE,
año,NOUN,O,año,FALSE,
robo,NOUN,O,robar,FALSE,
asegura,VERB,O,asegurar,FALSE,
empresa,NOUN,O,empresa,FALSE,
advierten,VERB,O,advertir,FALSE,
usada,VERB,O,usar,FALSE,
hackear,VERB,O,hackear,TRUE,True
contraseñas,NOUN,O,contraseña,FALSE,
suplantar,VERB,O,suplantar,FALSE,
revelan,VERB,O,revelar,FALSE,
nombres,NOUN,O,nombre,FALSE,
edad,NOUN,O,edad,FALSE,
fecha,NOUN,O,fecho,FALSE,
nacimiento,NOUN,O,nacimiento,FALSE,
dirección,NOUN,O,dirección,FALSE,
nombre,NOUN,O,nombrar,FALSE,
escuela,NOUN,O,escuela,FALSE,
mascota,NOUN,O,mascota,FALSE,
siguen,VERB,O,seguir,FALSE,
disponibles,ADJ,O,disponible,FALSE,
adultos,NOUN,O,adulto,FALSE,
usados,VERB,O,usar,FALSE,
hackers,NOUN,O,hackers,TRUE,False
compras,NOUN,O,comprar,FALSE,
online,ADJ,O,online,TRUE,False
préstamos,NOUN,O,préstamo,FALSE,
fraudulentos,ADJ,O,fraudulento,FALSE,
transacciones,NOUN,O,transaccionar,FALSE,
tarjetas,NOUN,O,tarjeta,FALSE,
crédito,NOUN,O,crédito,FALSE,
despacho,NOUN,O,despachar,FALSE,
ciberabogados,ADJ,O,ciberabogados,FALSE,
dedicados,ADJ,O,dedicar,FALSE,
defender,VERB,O,defender,FALSE,
empresas,NOUN,O,empresa,FALSE,
particulares,NOUN,O,particular,FALSE,
aseguran,VERB,O,asegurar,FALSE,
existencia,NOUN,O,existencia,FALSE,
provocar,VERB,O,provocar,FALSE,
usadas,VERB,O,usar,FALSE,
fines,NOUN,O,finar,FALSE,
pornografía,NOUN,O,pornografía,FALSE,
infantil,ADJ,O,infantil,FALSE,
ciberacoso,NOUN,O,ciberacoso,FALSE,
ciberbullying,NOUN,O,ciberbullying,TRUE,False
cibersuplantación,NOUN,O,cibersuplantación,FALSE,
motivos,NOUN,O,motivo,FALSE,
conviene,VERB,O,convenir,FALSE,
pensar,VERB,O,pensar,FALSE,
beneficioso,ADJ,O,beneficioso,FALSE,
permanezcan,VERB,O,permanecer,FALSE,
lee,VERB,O,leer,FALSE,
sitio,NOUN,O,sitiar,FALSE,
web,ADJ,O,web,TRUE,False
medidas,NOUN,O,medir,FALSE,
tomar,VERB,O,tomar,FALSE,
informática,ADJ,O,informático,FALSE,
comprobar,VERB,O,comprobar,FALSE,
ajustes,NOUN,O,ajuste,FALSE,
asegurarse,NOUN,O,asegurarse,FALSE,
públicos,ADJ,O,público,FALSE,
estafadores,NOUN,O,estafador,FALSE,
obtener,VERB,O,obtener,FALSE,
tipo,NOUN,O,tipo,FALSE,
requieren,VERB,O,requerir,FALSE,
directora,ADJ,O,director,FALSE,
Creo,VERB,O,Creo,FALSE,
fundamental,ADJ,O,fundamental,FALSE,
revisar,VERB,O,revisar,FALSE,
cuentas,NOUN,O,cuenta,FALSE,
manos,NOUN,O,mano,FALSE,
equivocadas,ADJ,O,equivocar,FALSE,
añade,VERB,O,añadir,FALSE,
cuentan,VERB,O,contar,FALSE,
opciones,NOUN,O,opción,FALSE,
limitar,VERB,O,limitar,FALSE,
ven,VERB,O,ver,FALSE,
recomendable,ADJ,O,recomendable,FALSE,
desactivar,VERB,O,desactivar,FALSE,
funciones,NOUN,O,funcionar,FALSE,
ubicación,NOUN,O,ubicación,FALSE,
geolocalización,NOUN,O,geolocalización,FALSE,
privada,ADJ,O,privar,FALSE,
ciencia,NOUN,O,ciencia,FALSE,
comedia,NOUN,O,comediar,FALSE,
genera,VERB,O,generar,FALSE,
polémica,NOUN,O,polémico,FALSE,
muestra,VERB,O,mostrar,FALSE,
actualidad,NOUN,O,actualidad,FALSE,
abrió,VERB,O,abrir,FALSE,
debates,NOUN,O,debatir,FALSE,
disparó,VERB,O,disparar,FALSE,
críticas,NOUN,O,crítico,FALSE,
regresado,VERB,O,regresar,FALSE,
dando,VERB,O,dar,FALSE,
hablar,VERB,O,hablar,FALSE,
repentinamente,ADJ,O,repentinamente,FALSE,
explosión,NOUN,O,explosión,FALSE,
misteriosa,ADJ,O,misterioso,FALSE,
padre,NOUN,O,padre,FALSE,
fascismo,NOUN,O,fascismo,FALSE,
vuelve,VERB,O,volver,FALSE,
país,NOUN,O,país,FALSE,
muerte,NOUN,O,muerte,FALSE,
fusilamiento,NOUN,O,fusilamiento,FALSE,
abril,NOUN,O,abril,FALSE,
film,NOUN,O,film,TRUE,False
parecido,ADJ,O,parecer,FALSE,
pinta,VERB,O,pintar,FALSE,
retrato,NOUN,O,retratar,FALSE,
terrible,ADJ,O,terrible,FALSE,
actual,ADJ,O,actual,FALSE,
regresa,VERB,O,regresar,FALSE,
pleno,ADJ,O,pleno,FALSE,
verano,NOUN,O,verano,FALSE,
caótica,ADJ,O,caótico,FALSE,
interpretado,ADJ,O,interpretar,FALSE,
actor,NOUN,O,actor,FALSE,
puesto,VERB,O,poner,FALSE,
banquillo,NOUN,O,banquillo,FALSE,
denostado,ADJ,O,denostar,FALSE,
significó,VERB,O,significar,FALSE,
historia,NOUN,O,historia,FALSE,
italiana,ADJ,O,italiano,FALSE,
dictadura,NOUN,O,dictadura,FALSE,
fascista,ADJ,O,fascista,FALSE,
derrota,NOUN,O,derrotar,FALSE,
leyes,NOUN,O,ley,FALSE,
raciales,ADJ,O,racial,FALSE,
judíos,NOUN,O,judío,FALSE,
televisivo,ADJ,O,televisivo,FALSE,
torna,VERB,O,tornar,FALSE,
divo,NOUN,O,divo,FALSE,
denuncia,VERB,O,denunciar,FALSE,
sometimiento,NOUN,O,sometimiento,FALSE,
italianos,NOUN,O,italiano,FALSE,
caja,NOUN,O,caja,FALSE,
boba,ADJ,O,bobo,FALSE,
rompe,VERB,O,romper,FALSE,
récords,NOUN,O,récord,FALSE,
audiencia,NOUN,O,audiencia,FALSE,
mayoría,NOUN,O,mayoría,FALSE,
gente,NOUN,O,gente,FALSE,
increparlo,NOUN,O,increparlo,FALSE,
calle,NOUN,O,callar,FALSE,
cámaras,NOUN,O,cámara,FALSE,
reales,ADJ,O,real,FALSE,
escenas,NOUN,O,escena,FALSE,
saca,VERB,O,sacar,FALSE,
selfies,NOUN,O,selfies,TRUE,False
saluda,VERB,O,saludar,FALSE,
brazo,NOUN,O,brazo,FALSE,
alto,ADJ,O,alto,FALSE,
viva,ADJ,O,vivo,FALSE,
pueblo,NOUN,O,poblar,FALSE,
italiano,NOUN,O,italiano,FALSE,
líderes,NOUN,O,líder,FALSE,
extraño,ADJ,O,extrañar,FALSE,
hombre,NOUN,O,hombre,FALSE,
pelado,ADJ,O,pelar,FALSE,
parecer,NOUN,O,parecer,FALSE,
disfrazado,ADJ,O,disfrazar,FALSE,
ríen,VERB,O,reír,FALSE,
proclama,VERB,O,proclamar,FALSE,
correctas,ADJ,O,correcto,FALSE,
atacar,VERB,O,atacar,FALSE,
democracia,NOUN,O,democracia,FALSE,
putrefacción,NOUN,O,putrefacción,FALSE,
inmigrantes,NOUN,O,inmigrante,FALSE,
gays,NOUN,O,gay,TRUE,False
izquierda,NOUN,O,izquierdo,FALSE,
atrapa,VERB,O,atrapar,FALSE,
ideas,NOUN,O,ideo,FALSE,
males,NOUN,O,mal,FALSE,
líder,NOUN,O,líder,TRUE,True
líder,NOUN,O,líder,FALSE,
fuerte,ADJ,O,fuerte,FALSE,
mando,NOUN,O,mandar,FALSE,
económica,ADJ,O,económico,FALSE,
deriva,NOUN,O,derivar,FALSE,
marcado,ADJ,O,marcar,FALSE,
escándalos,NOUN,O,escándalo,FALSE,
corrupción,NOUN,O,corrupción,FALSE,
continuos,ADJ,O,continuo,FALSE,
principio,NOUN,O,principiar,FALSE,
reír,VERB,O,reír,FALSE,
termina,VERB,O,terminar,FALSE,
drama,NOUN,O,drama,FALSE,
grotesco,ADJ,O,grotesco,FALSE,
estrenó,VERB,O,estrenar,FALSE,
semana,NOUN,O,semana,FALSE,
momentos,NOUN,O,momento,FALSE,
preocupación,NOUN,O,preocupación,FALSE,
auge,NOUN,O,auge,FALSE,
grupos,NOUN,O,grupo,FALSE,
extrema,ADJ,O,extremo,FALSE,
derecha,NOUN,O,derecho,FALSE,
neofascistas,ADJ,O,neofascista,FALSE,
vista,NOUN,O,vestir,FALSE,
elecciones,NOUN,O,elección,FALSE,
renovar,VERB,O,renovar,FALSE,
marzo,NOUN,O,marzo,FALSE,
sondeos,NOUN,O,sondeo,FALSE,
ganará,VERB,O,ganar,FALSE,
alianza,NOUN,O,alianza,FALSE,
auspiciada,ADJ,O,auspiciar,FALSE,
ministro,NOUN,O,ministro,FALSE,
participa,VERB,O,participar,FALSE,
xenófoba,ADJ,O,xenófobo,FALSE,
números,NOUN,O,número,FALSE,
necesarios,ADJ,O,necesario,FALSE,
formar,VERB,O,formar,FALSE,
gobierno,NOUN,O,gobernar,FALSE,
quedara,VERB,O,quedar,FALSE,
conmovida,ADJ,O,conmover,FALSE,
ataque,NOUN,O,atacar,FALSE,
xenófobo,ADJ,O,xenófobo,FALSE,
ciudad,NOUN,O,ciudad,FALSE,
sábado,NOUN,O,sábado,FALSE,
auto,NOUN,O,auto,FALSE,
extranjeros,ADJ,O,extranjero,FALSE,
hirió,VERB,O,herir,FALSE,
africanos,NOUN,O,africano,FALSE,
detenido,VERB,O,detener,FALSE,
policía,NOUN,O,policía,FALSE,
envuelto,NOUN,O,envolver,FALSE,
bandera,NOUN,O,bandera,FALSE,
tricolor,ADJ,O,tricolor,FALSE,
saludo,NOUN,O,saludar,FALSE,
gritó,VERB,O,gritar,FALSE,
excandidato,NOUN,O,excandidato,FALSE,
municipal,ADJ,O,municipal,FALSE,
actuó,VERB,O,actuar,FALSE,
vengarse,NOUN,O,vengarse,FALSE,
nigeriano,NOUN,O,nigeriano,FALSE,
presunto,ADJ,O,presunto,FALSE,
autor,NOUN,O,autor,FALSE,
asesinato,NOUN,O,asesinato,FALSE,
chica,NOUN,O,chico,FALSE,
apareció,VERB,O,aparecer,FALSE,
descuartizada,ADJ,O,descuartizar,FALSE,
valijas,NOUN,O,valija,FALSE,
campiña,NOUN,O,campiña,FALSE,
zona,NOUN,O,zona,FALSE,
convirtió,VERB,O,convertir,FALSE,
suerte,NOUN,O,suerte,FALSE,
justiciero,ADJ,O,justiciero,FALSE,
incubando,VERB,O,incubar,FALSE,
rabia,NOUN,O,rabiar,FALSE,
sentimientos,NOUN,O,sentimiento,FALSE,
racistas,ADJ,O,racista,FALSE,
oleada,NOUN,O,olear,FALSE,
migratoria,ADJ,O,migratorio,FALSE,
umbral,NOUN,O,umbral,FALSE,
estación,NOUN,O,estación,FALSE,
neofascista,ADJ,O,neofascista,FALSE,
tonos,NOUN,O,tono,FALSE,
actitudes,NOUN,O,actitud,FALSE,
política,NOUN,O,político,FALSE,
denunciarlo,VERB,O,denunciarlo,FALSE,
advirtió,VERB,O,advertir,FALSE,
histórico,ADJ,O,histórico,FALSE,
tragedia,NOUN,O,tragedia,FALSE,
vergüenza,NOUN,O,vergüenza,FALSE,
desastre,NOUN,O,desastre,FALSE,
guerra,NOUN,O,guerra,FALSE,
volver,VERB,O,volver,FALSE,
ideología,NOUN,O,ideología,FALSE,
derrotada,ADJ,O,derrotar,FALSE,
episodios,NOUN,O,episodio,FALSE,
abre,VERB,O,abrir,FALSE,
puertas,NOUN,O,puerta,FALSE,
retorno,NOUN,O,retornar,FALSE,
alertó,VERB,O,alertar,FALSE,
entrevista,NOUN,O,entrevistar,FALSE,
gobernó,VERB,O,gobernar,FALSE,
1922,NOUN,O,1922,FALSE,
asoma,VERB,O,asomar,FALSE,
cambiada,ADJ,O,cambiar,FALSE,
superficial,ADJ,O,superficial,FALSE,
pesadilla,NOUN,O,pesadilla,FALSE,
analfabetas,NOUN,O,analfabeto,FALSE,
época,NOUN,O,época,FALSE,
turistas,NOUN,O,turista,FALSE,
turistas,NOUN,O,turista,TRUE,True
romanos,NOUN,O,romano,FALSE,
paseando,VERB,O,pasear,FALSE,
ojotas,NOUN,O,ojotas,FALSE,
bermudas,ADJ,O,bermudas,FALSE,
disgustado,ADJ,O,disgustar,FALSE,
pantorrillas,NOUN,O,pantorrilla,FALSE,
desnudas,ADJ,O,desnudo,FALSE,
terminó,VERB,O,terminar,FALSE,
explicarle,ADJ,O,explicarle,FALSE,
funciona,VERB,O,funcionar,FALSE,
frente,NOUN,O,frente,FALSE,
computadora,NOUN,O,computador,FALSE,
queja,VERB,O,quejar,FALSE,
anglicismos,VERB,O,anglicismo,FALSE,
lengua,NOUN,O,lengua,FALSE,
llaman,VERB,O,llamar,FALSE,
ratón,NOUN,O,ratón,FALSE,
espantado,ADJ,O,espantar,FALSE,
queríamos,VERB,O,querer,FALSE,
juzgar,VERB,O,juzgar,FALSE,
director,NOUN,O,director,FALSE,
ríe,VERB,O,reír,FALSE,
avergüenza,VERB,O,avergonzar,FALSE,
alien,ADJ,O,alien,FALSE,
miedo,NOUN,O,miedo,FALSE,
forma,VERB,O,formar,FALSE,
paisaje,NOUN,O,paisaje,FALSE,
moral,ADJ,O,moral,FALSE,
distantes,ADJ,O,distante,FALSE,
figura,NOUN,O,figurar,FALSE,
dictador,NOUN,O,dictador,FALSE,
alemanes,NOUN,O,alemán,FALSE,
puntualiza,VERB,O,puntualizar,FALSE,
imaginó,VERB,O,imaginar,FALSE,
tornato,NOUN,O,tornato,FALSE,
estrenarí,VERB,O,estrenarí,FALSE,
período,NOUN,O,período,FALSE,
rojo,NOUN,O,rojo,FALSE,
vivo,ADJ,O,vivir,FALSE,
tendría,VERB,O,tener,FALSE,
repercusión,NOUN,O,repercusión,FALSE,
listos,ADJ,O,listo,FALSE,
populismo,NOUN,O,populismo,FALSE,
película,NOUN,O,película,FALSE,
haga,VERB,O,hacer,FALSE,
reflexionar,VERB,O,reflexionar,FALSE,
acapara,VERB,O,acaparar,FALSE,
nace,VERB,O,nacer,FALSE,
unión,NOUN,O,unión,FALSE,
camping,NOUN,O,camping,TRUE,False
camping,NOUN,O,camping,TRUE,True
glamour,ADJ,O,glamour,TRUE,False
glamour,ADJ,O,glamour,French,
redefine,ADJ,O,redefinir,FALSE,
vacaciones,NOUN,O,vacación,FALSE,
naturales,ADJ,O,natural,FALSE,
región,NOUN,O,región,FALSE,
inglesa,ADJ,O,inglés,FALSE,
garrafa,NOUN,O,garrafa,FALSE,
portátil,ADJ,O,portátil,FALSE,
cocinar,VERB,O,cocinar,FALSE,
desperdiciadas,ADJ,O,desperdiciar,FALSE,
armar,VERB,O,armar,FALSE,
carpa,NOUN,O,carpir,FALSE,
experimentar,VERB,O,experimentar,FALSE,
naturaleza,NOUN,O,naturaleza,FALSE,
popular,ADJ,O,popular,FALSE,
británicos,NOUN,O,británico,FALSE,
novedad,NOUN,O,novedad,FALSE,
interesante,ADJ,O,interesante,FALSE,
comenzó,VERB,O,comenzar,FALSE,
masivo,ADJ,O,masivo,FALSE,
inglés,ADJ,O,inglés,FALSE,
hábitos,NOUN,O,hábito,FALSE,
ponen,VERB,O,poner,FALSE,
moda,NOUN,O,moda,FALSE,
adoptarse,NOUN,O,adoptarse,FALSE,
resto,NOUN,O,restar,FALSE,
carpas,NOUN,O,carpir,FALSE,
boutique,NOUN,O,boutique,TRUE,False
apuntan,VERB,O,apuntar,FALSE,
generar,VERB,O,generar,FALSE,
experiencia,NOUN,O,experiencia,FALSE,
inmersión,NOUN,O,inmersión,FALSE,
comodidad,NOUN,O,comodidad,FALSE,
hotel,NOUN,O,hotel,FALSE,
alta,ADJ,O,alto,FALSE,
gama,NOUN,O,gama,FALSE,
cápsulas,NOUN,O,cápsula,FALSE,
vidrio,NOUN,O,vidriar,FALSE,
insertadas,ADJ,O,insertar,FALSE,
paisajes,NOUN,O,paisaje,FALSE,
fastuosos,ADJ,O,fastuoso,FALSE,
iglús,ADJ,O,iglú,FALSE,
hielo,NOUN,O,helar,FALSE,
terrazas,NOUN,O,terraza,FALSE,
preparadas,ADJ,O,preparar,FALSE,
dormir,VERB,O,dormir,FALSE,
estrellas,NOUN,O,estrellar,FALSE,
inspiradas,ADJ,O,inspirar,FALSE,
safaris,NOUN,O,safari,FALSE,
similares,ADJ,O,similar,FALSE,
utilizar,VERB,O,utilizar,FALSE,
beduinos,NOUN,O,beduino,FALSE,
familia,NOUN,O,familia,FALSE,
ido,VERB,O,ir,FALSE,
glamping,NOUN,O,glamping,TRUE,False
hijas,NOUN,O,hijo,FALSE,
vive,VERB,O,vivir,FALSE,
perfecto,ADJ,O,perfecto,FALSE,
vivís,VERB,O,vivir,FALSE,
aventura,NOUN,O,aventurar,FALSE,
cercanía,VERB,O,cercanía,FALSE,
ofrece,VERB,O,ofrecer,FALSE,
electricidad,NOUN,O,electricidad,FALSE,
conexión,NOUN,O,conexión,FALSE,
comodidades,NOUN,O,comodidad,FALSE,
cama,NOUN,O,cama,FALSE,
tenés,ADJ,O,tenés,FALSE,
baño,NOUN,O,bañar,FALSE,
agua,NOUN,O,aguar,FALSE,
caliente,ADJ,O,calentar,FALSE,
ventaja,NOUN,O,ventaja,FALSE,
desarmar,VERB,O,desarmar,FALSE,
prearmada,ADJ,O,prearmado,FALSE,
agregado,VERB,O,agregar,FALSE,
king,ADJ,O,king,TRUE,False
size,NOUN,O,size,TRUE,False
ducha,NOUN,O,duchar,FALSE,
encuentran,VERB,O,encontrar,FALSE,
lugares,NOUN,O,lugar,FALSE,
exceden,VERB,O,exceder,FALSE,
tradicional,ADJ,O,tradicional,FALSE,
abundan,VERB,O,abundar,FALSE,
detalles,NOUN,O,detalle,FALSE,
ideados,ADJ,O,idear,FALSE,
única,ADJ,O,único,FALSE,
encantadora,ADJ,O,encantador,FALSE,
cocinas,NOUN,O,cocinar,FALSE,
leña,VERB,O,leña,FALSE,
velas,NOUN,O,velar,FALSE,
portavelas,NOUN,O,portavelas,FALSE,
candelabros,NOUN,O,candelabro,FALSE,
anglosajones,NOUN,O,anglosajón,FALSE,
pinches,ADJ,O,pinche,FALSE,
calentar,VERB,O,calentar,FALSE,
malvaviscos,ADJ,O,malvavisco,FALSE,
fogata,NOUN,O,fogata,FALSE,
adornos,NOUN,O,adorno,FALSE,
típicas,ADJ,O,típico,FALSE,
estampas,NOUN,O,estampar,FALSE,
florales,ADJ,O,floral,FALSE,
estilo,NOUN,O,estilar,FALSE,
olvidarnos,NOUN,O,olvidarnos,FALSE,
tazas,NOUN,O,taza,FALSE,
platos,NOUN,O,plato,FALSE,
melamina,NOUN,O,melamina,FALSE,
infaltables,ADJ,O,infaltables,FALSE,
huevos,NOUN,O,huevo,FALSE,
frescos,ADJ,O,fresco,FALSE,
buscar,VERB,O,buscar,FALSE,
gallinero,NOUN,O,gallinero,FALSE,
mañana,NOUN,O,mañana,FALSE,
estime,VERB,O,estimar,FALSE,
cifras,NOUN,O,cifrar,FALSE,
oficiales,ADJ,O,oficial,FALSE,
record,NOUN,O,record,TRUE,False
veraneando,VERB,O,veranear,FALSE,
isla,NOUN,O,isla,FALSE,
espera,VERB,O,esperar,FALSE,
durmiendo,VERB,O,dormir,FALSE,
alternativa,NOUN,O,alternativo,FALSE,
viajes,NOUN,O,viaje,FALSE,
describe,VERB,O,describir,FALSE,
reciente,ADJ,O,recentar,FALSE,
investigación,NOUN,O,investigación,FALSE,
opción,NOUN,O,opción,FALSE,
conspicua,NOUN,O,conspicuo,FALSE,
franja,NOUN,O,franja,FALSE,
veraneantes,NOUN,O,veraneante,FALSE,
busca,NOUN,O,buscar,FALSE,
experiencias,NOUN,O,experiencia,FALSE,
auténticas,ADJ,O,auténtico,FALSE,
tiempos,NOUN,O,tiempo,FALSE,
viaje,NOUN,O,viajar,FALSE,
cortos,ADJ,O,corto,FALSE,
aspecto,NOUN,O,aspecto,FALSE,
atrayendo,VERB,O,atraer,FALSE,
grupo,NOUN,O,grupo,FALSE,
vacacionar,VERB,O,vacacionar,FALSE,
aire,NOUN,O,aire,FALSE,
libre,ADJ,O,librar,FALSE,
hará,VERB,O,hacer,FALSE,
comenta,VERB,O,comentar,FALSE,
experta,NOUN,O,experto,FALSE,
independiente,ADJ,O,independiente,FALSE,
asesora,VERB,O,asesorar,FALSE,
emprendedores,NOUN,O,emprendedor,FALSE,
quieren,VERB,O,querer,FALSE,
incursionar,VERB,O,incursionar,FALSE,
industria,NOUN,O,industriar,FALSE,
originalidad,NOUN,O,originalidad,FALSE,
propuesta,NOUN,O,proponer,FALSE,
formas,NOUN,O,formar,FALSE,
tipis,VERB,O,tipis,TRUE,True
iguales,ADJ,O,igualar,FALSE,
visto,VERB,O,vestir,FALSE,
películas,NOUN,O,película,FALSE,
americanas,ADJ,O,americano,FALSE,
cowboys,NOUN,O,cowboy,TRUE,False
retirado,VERB,O,retirar,FALSE,
encontrar,VERB,O,encontrar,FALSE,
entusiasma,VERB,O,entusiasmar,FALSE,
turista,NOUN,O,turista,FALSE,
turista,NOUN,O,turista,TRUE,True
quiera,VERB,O,querer,FALSE,
extravagante,ADJ,O,extravagante,FALSE,
remonte,VERB,O,remontar,FALSE,
norte,NOUN,O,norte,FALSE,
motivo,NOUN,O,motivar,FALSE,
encuentro,NOUN,O,encontrar,FALSE,
montaron,VERB,O,montar,FALSE,
tiendas,NOUN,O,tienda,FALSE,
fuentes,NOUN,O,fuente,FALSE,
salían,VERB,O,salir,FALSE,
borbotones,NOUN,O,borbotón,FALSE,
litros,ADJ,O,litro,FALSE,
litros,NOUN,O,litro,FALSE,
vino,NOUN,O,venir,FALSE,
francés,ADJ,O,francés,FALSE,
fundador,NOUN,O,fundador,FALSE,
goglamping.net,NOUN,O,goglamping.net,FALSE,
turismo,NOUN,O,turismo,FALSE,
creciendo,VERB,O,crecer,FALSE,
popularidad,NOUN,O,popularidad,FALSE,
par,NOUN,O,par,FALSE,
festivales,NOUN,O,festival,FALSE,
música,NOUN,O,músico,FALSE,
célebres,ADJ,O,célebre,FALSE,
pernoctar,VERB,O,pernoctar,FALSE,
ofrecen,VERB,O,ofrecer,FALSE,
versión,NOUN,O,versión,FALSE,
caso,NOUN,O,casar,FALSE,
ingeniera,NOUN,O,ingeniero,FALSE,
industrial,ADJ,O,industrial,FALSE,
consecutivas,ADJ,O,consecutivo,FALSE,
optó,VERB,O,optar,FALSE,
motorhome,ADJ,O,motorhome,TRUE,False
utilizarse,NOUN,O,utilizarse,FALSE,
2005,NOUN,O,2005,FALSE,
notable,ADJ,O,notable,FALSE,
palabra,NOUN,O,palabra,FALSE,
glamour,NOUN,O,glamour,TRUE,False
glamour,NOUN,O,glamour,French,
refería,VERB,O,referir,FALSE,
hechizo,NOUN,O,hechizar,FALSE,
mágico,ADJ,O,mágico,FALSE,
afectaba,VERB,O,afectar,FALSE,
percepción,NOUN,O,percepción,FALSE,
visual,ADJ,O,visual,FALSE,
objeto,NOUN,O,objetar,FALSE,
percibidos,ADJ,O,percibir,FALSE,
atractiva,ADJ,O,atractivo,FALSE,
creada,VERB,O,crear,FALSE,
atraer,VERB,O,atraer,FALSE,
británicos,ADJ,O,británico,FALSE,
acercarse,NOUN,O,acercarse,FALSE,
remita,VERB,O,remitir,FALSE,
nostalgia,NOUN,O,nostalgia,FALSE,
viejo,ADJ,O,viejo,FALSE,
éxito,NOUN,O,éxito,FALSE,
inventores,NOUN,O,inventor,FALSE,
marketing,NOUN,O,marketing,TRUE,False
marketing,NOUN,O,marketing,FALSE,
multimillonaria,ADJ,O,multimillonario,FALSE,
logró,VERB,O,lograr,FALSE,
transformar,VERB,O,transformar,FALSE,
altas,ADJ,O,alto,FALSE,
probabilidades,NOUN,O,probabilidad,FALSE,
lluvia,NOUN,O,lluvia,FALSE,
atractivo,ADJ,O,atractivo,FALSE,
triunfo,NOUN,O,triunfar,FALSE,
impulsó,VERB,O,impulsar,FALSE,
debate,NOUN,O,debatir,FALSE,
elegida,ADJ,O,elegir,FALSE,
término,NOUN,O,término,FALSE,
marcó,VERB,O,marcar,FALSE,
informativa,ADJ,O,informativo,FALSE,
promovida,ADJ,O,promover,FALSE,
términos,NOUN,O,término,FALSE,
marcado,VERB,O,marcar,FALSE,
interés,NOUN,O,interés,FALSE,
lingüístico,ADJ,O,lingüístico,FALSE,
2013,NOUN,O,2013,FALSE,
selfi,NOUN,O,selfi,TRUE,True
2014,NOUN,O,2014,FALSE,
refugiado,ADJ,O,refugiar,FALSE,
2015,NOUN,O,2015,FALSE,
equipo,NOUN,O,equipar,FALSE,
optado,VERB,O,optar,FALSE,
ocasión,NOUN,O,ocasión,FALSE,
neutra,ADJ,O,neutro,FALSE,
cargando,VERB,O,cargar,FALSE,
connotaciones,NOUN,O,connotación,FALSE,
convertirse,NOUN,O,convertirse,FALSE,
arma,NOUN,O,armar,FALSE,
político,ADJ,O,político,FALSE,
acontecimientos,NOUN,O,acontecimiento,FALSE,
importancia,NOUN,O,importancia,FALSE,
global,ADJ,O,global,FALSE,
victoria,NOUN,O,victoria,FALSE,
electoral,ADJ,O,electoral,FALSE,
procesos,NOUN,O,proceso,FALSE,
electorales,ADJ,O,electoral,FALSE,
plebiscitarios,NOUN,O,plebiscitario,FALSE,
venir,VERB,O,venir,FALSE,
ámbito,NOUN,O,ámbito,FALSE,
coordinador,NOUN,O,coordinador,FALSE,
candidatas,NOUN,O,candidato,FALSE,
anunciaron,VERB,O,anunciar,FALSE,
relacionadas,ADJ,O,relacionar,FALSE,
sorpaso,NOUN,O,sorpaso,FALSE,
abstenciocracia,NOUN,O,abstenciocracia,FALSE,
posverdad,NOUN,O,posverdad,FALSE,
ganadora,NOUN,O,ganador,FALSE,
decidido,VERB,O,decidir,FALSE,
centro,NOUN,O,centrar,FALSE,
viviendo,VERB,O,vivir,FALSE,
proceso,NOUN,O,procesar,FALSE,
ampliación,NOUN,O,ampliación,FALSE,
cambio,NOUN,O,cambiar,FALSE,
significado,NOUN,O,significar,FALSE,
cargándose,NOUN,O,cargándose,FALSE,
negativas,NOUN,O,negativo,FALSE,
evolución,NOUN,O,evolución,FALSE,
acelerado,VERB,O,acelerar,FALSE,
neutro,ADJ,O,neutro,FALSE,
populista,ADJ,O,populista,FALSE,
tuvieron,VERB,O,tener,FALSE,
significados,ADJ,O,significar,FALSE,
meses,NOUN,O,mesar,FALSE,
recibido,VERB,O,recibir,FALSE,
consultas,NOUN,O,consultar,FALSE,
real,ADJ,O,real,FALSE,
evidente,ADJ,O,evidente,FALSE,
medios,NOUN,O,medio,FALSE,
simple,ADJ,O,simple,FALSE,
defensa,NOUN,O,defensa,FALSE,
intereses,NOUN,O,interesar,FALSE,
populares,ADJ,O,popular,FALSE,
mencionan,VERB,O,mencionar,FALSE,
matices,NOUN,O,matizar,FALSE,
diccionarios,NOUN,O,diccionario,FALSE,
sentidos,NOUN,O,sentir,FALSE,
use,VERB,O,usar,FALSE,
prefieren,VERB,O,preferir,FALSE,
definirlo,VERB,O,definirlo,FALSE,
tendencia,NOUN,O,tendencia,FALSE,
política,ADJ,O,político,FALSE,
pretende,VERB,O,pretender,FALSE,
devolver,VERB,O,devolver,FALSE,
masas,NOUN,O,masa,FALSE,
élites,NOUN,O,élite,FALSE,
comunicación,NOUN,O,comunicación,FALSE,
imponiéndose,VERB,O,imponiéndose,FALSE,
visión,NOUN,O,visión,FALSE,
negativa,ADJ,O,negativo,FALSE,
suele,VERB,O,soler,FALSE,
aplicarse,VERB,O,aplicarse,FALSE,
políticos,NOUN,O,político,FALSE,
ideologías,NOUN,O,ideología,FALSE,
común,NOUN,O,común,FALSE,
apelación,NOUN,O,apelación,FALSE,
emotiva,ADJ,O,emotivo,FALSE,
ciudadano,NOUN,O,ciudadano,FALSE,
oferta,NOUN,O,ofertar,FALSE,
soluciones,NOUN,O,solucionar,FALSE,
simples,ADJ,O,simple,FALSE,
problemas,NOUN,O,problema,FALSE,
complejos,ADJ,O,complejo,FALSE,
lingüistas,NOUN,O,lingüista,FALSE,
denominan,VERB,O,denominar,FALSE,
relexicalización,NOUN,O,relexicalización,FALSE,
ocurriendo,VERB,O,ocurrir,FALSE,
ojos,NOUN,O,ojo,FALSE,
propiciado,VERB,O,propiciar,FALSE,
elección,NOUN,O,elección,FALSE,
decisión,NOUN,O,decisión,FALSE,
publicó,VERB,O,publicar,FALSE,
lista,NOUN,O,listo,FALSE,
finalistas,ADJ,O,finalista,FALSE,
figuraban,VERB,O,figurar,FALSE,
adaptación,NOUN,O,adaptación,FALSE,
propuesta,ADJ,O,proponer,FALSE,
youtuber,ADJ,O,youtuber,TRUE,False
ningufonear,VERB,O,ningufonear,FALSE,
phubbing,NOUN,O,phubbing,TRUE,False
definir,VERB,O,definir,FALSE,
actitud,NOUN,O,actitud,FALSE,
presta,VERB,O,presto,FALSE,
atención,NOUN,O,atención,FALSE,
dispositivo,NOUN,O,dispositivo,FALSE,
móvil,ADJ,O,móvil,FALSE,
desatiende,VERB,O,desatender,FALSE,
significados,NOUN,O,significar,FALSE,
ampliando,VERB,O,ampliar,FALSE,
hablantes,NOUN,O,hablante,FALSE,
bizarro,NOUN,O,bizarro,FALSE,
cuñadismo,NOUN,O,cuñadismo,FALSE,
vendehúmos,VERB,O,vendehúmos,FALSE,
videoarbitraje,NOUN,O,videoarbitraje,FALSE,
español,NOUN,O,español,FALSE,
traducciones,NOUN,O,traducción,FALSE,
destinadas,ADJ,O,destinar,FALSE,
fracaso,NOUN,O,fracasar,FALSE,
posibilidad,NOUN,O,posibilidad,FALSE,
autofo,NOUN,O,autofo,FALSE,
to,NOUN,O,to,FALSE,
autorretrato,NOUN,O,autorretrato,FALSE,
reemplazar,VERB,O,reemplazar,FALSE,
selfie,NOUN,O,selfie,TRUE,False
ganado,VERB,O,ganar,FALSE,
pulseada,NOUN,O,pulsear,FALSE,
aclaración,NOUN,O,aclaración,FALSE,
autofoto,NOUN,O,autofoto,FALSE,
tomada,ADJ,O,tomar,FALSE,
smartphone,NOUN,O,smartphone,FALSE,
teléfono,NOUN,O,teléfono,FALSE,
celular,ADJ,O,celular,FALSE,
elegida,VERB,O,elegir,FALSE,
admitámoslo,NOUN,O,admitámoslo,FALSE,
toma,VERB,O,tomar,FALSE,
decisiones,NOUN,O,decisión,FALSE,
pareja,NOUN,O,parejo,FALSE,
vigente,ADJ,O,vigente,FALSE,
link,NOUN,O,link,TRUE,False
enlace,NOUN,O,enlazar,FALSE,
online,NOUN,O,online,TRUE,False
preferencias,NOUN,O,preferencia,FALSE,
reconocen,VERB,O,reconocer,FALSE,
escritura,NOUN,O,escriturar,FALSE,
recomendaciones,NOUN,O,recomendación,FALSE,
extranjerismos,NOUN,O,extranjerismo,FALSE,
correspondientes,ADJ,O,correspondiente,FALSE,
reemplazos,ADJ,O,reemplazo,FALSE,
suponían,VERB,O,suponer,FALSE,
aceptados,ADJ,O,aceptar,FALSE,
limpio,ADJ,O,limpiar,FALSE,
deportividad,NOUN,O,deportividad,FALSE,
alternativas,NOUN,O,alternativo,FALSE,
expresión,NOUN,O,expresión,FALSE,
fair,NOUN,O,fair,TRUE,False
play,NOUN,O,play,TRUE,False
deporte,NOUN,O,deportar,FALSE,
razones,NOUN,O,razonar,FALSE,
indica,VERB,O,indicar,FALSE,
juego,VERB,O,jugar,FALSE,
definida,ADJ,O,definir,FALSE,
conducta,NOUN,O,conducta,FALSE,
honrada,ADJ,O,honrar,FALSE,
competición,NOUN,O,competición,FALSE,
juego,NOUN,O,jugar,FALSE,
innecesario,ADJ,O,innecesario,FALSE,
hablarse,NOUN,O,hablarse,FALSE,
referirse,NOUN,O,referirse,FALSE,
cortés,VERB,O,cortés,FALSE,
correcta,ADJ,O,correcto,FALSE,
elegante,ADJ,O,elegante,FALSE,
muestran,VERB,O,mostrar,FALSE,
deportistas,NOUN,O,deportista,FALSE,
ámbitos,NOUN,O,ámbito,FALSE,
situaciones,NOUN,O,situación,FALSE,
refirió,VERB,O,referir,FALSE,
boomerang,NOUN,O,boomerang,TRUE,False
recordar,VERB,O,recordar,FALSE,
forma,NOUN,O,formar,FALSE,
búmeran,VERB,O,búmeran,TRUE,True
bumerán,VERB,O,bumerán,TRUE,True
bumerang,NOUN,O,bumerang,TRUE,False
adaptaciones,NOUN,O,adaptación,FALSE,
recomendadas,ADJ,O,recomendar,FALSE,
voz,NOUN,O,voz,FALSE,
boomerang,ADJ,O,boomerang,TRUE,False
acentuaciones,NOUN,O,acentuación,FALSE,
válidas,ADJ,O,válido,FALSE,
países,NOUN,O,país,FALSE,
pronuncia,VERB,O,pronunciar,FALSE,
zonas,NOUN,O,zona,FALSE,
predomina,VERB,O,predominar,FALSE,
pronunciación,NOUN,O,pronunciación,FALSE,
aguda,ADJ,O,agudo,FALSE,
vale,VERB,O,valer,FALSE,
pena,NOUN,O,penar,FALSE,
plural,NOUN,O,plural,FALSE,
esdrújula,ADJ,O,esdrújulo,FALSE,
invariable,ADJ,O,invariable,FALSE,
regular,ADJ,O,regular,FALSE,
bumeranes,NOUN,O,bumerán,TRUE,True
nocaut,NOUN,O,nocaut,TRUE,True
knockout,NOUN,O,knockout,TRUE,False
offshore,VERB,O,offshore,TRUE,False
informaciones,NOUN,O,información,FALSE,
financieras,ADJ,O,financiero,FALSE,
ventajas,NOUN,O,ventaja,FALSE,
fiscales,ADJ,O,fiscal,FALSE,
inscrita,VERB,O,inscribir,FALSE,
paraíso,NOUN,O,paraíso,FALSE,
fiscal,ADJ,O,fiscal,FALSE,
contexto,NOUN,O,contexto,FALSE,
extranjero,NOUN,O,extranjero,FALSE,
io,NOUN,O,io,FALSE,
económicos,ADJ,O,económico,FALSE,
comerciales,ADJ,O,comercial,FALSE,
ocurrirá,VERB,O,ocurrir,FALSE,
inversa,NOUN,O,inverso,FALSE,
junio,NOUN,O,junio,FALSE,
lema,NOUN,O,lema,FALSE,
unidad,NOUN,O,unidad,FALSE,
diversidad,NOUN,O,diversidad,FALSE,
esperar,VERB,O,esperar,FALSE,
académicos,NOUN,O,académico,FALSE,
reunidos,ADJ,O,reunir,FALSE,
relevamiento,NOUN,O,relevamiento,FALSE,
españolas,ADJ,O,españolar,FALSE,
incorporadas,ADJ,O,incorporar,FALSE,
estadounidense,ADJ,O,estadounidense,FALSE,
amigo,NOUN,O,amigar,FALSE,
característico,ADJ,O,característico,FALSE,
ladran,VERB,O,ladrar,FALSE,
mundo,NOUN,O,mundo,FALSE,
laboral,ADJ,O,laboral,FALSE,
labradora,NOUN,O,labrador,FALSE,
suma,VERB,O,sumo,FALSE,
instalada,ADJ,O,instalar,FALSE,
ciudades,NOUN,O,ciudad,FALSE,
jefes,NOUN,O,jefe,FALSE,
empleados,NOUN,O,emplear,FALSE,
bienvenidos,ADJ,O,bienvenido,FALSE,
mascotas,NOUN,O,mascota,FALSE,
tachos,NOUN,O,tacho,FALSE,
basura,NOUN,O,basura,FALSE,
ecologista,ADJ,O,ecologista,FALSE,
fundadores,NOUN,O,fundador,FALSE,
consultora,NOUN,O,consultor,FALSE,
revisaran,VERB,O,revisar,FALSE,
residuos,NOUN,O,residuo,FALSE,
generados,ADJ,O,generar,FALSE,
glotona,NOUN,O,glotón,FALSE,
labradores,NOUN,O,labrador,FALSE,
quitar,VERB,O,quitar,FALSE,
oficina,NOUN,O,oficina,FALSE,
buscando,VERB,O,buscar,FALSE,
cosa,NOUN,O,coser,FALSE,
comer,VERB,O,comer,FALSE,
papá,NOUN,O,papá,FALSE,
jefe,NOUN,O,jefe,FALSE,
tema,NOUN,O,temer,FALSE,
desempeña,VERB,O,desempeñar,FALSE,
recepcionista,ADJ,O,recepcionista,FALSE,
negocios,NOUN,O,negocio,FALSE,
digitales,ADJ,O,digital,FALSE,
ama,NOUN,O,amar,FALSE,
saludar,VERB,O,saludar,FALSE,
entran,VERB,O,entrar,FALSE,
escapa,VERB,O,escapar,FALSE,
peores,ADJ,O,peor,FALSE,
delitos,NOUN,O,delito,FALSE,
laborales,ADJ,O,laboral,FALSE,
come,VERB,O,comer,FALSE,
almuerzo,NOUN,O,almorzar,FALSE,
compañero,NOUN,O,compañero,FALSE,
huele,VERB,O,oler,FALSE,
comida,NOUN,O,comer,FALSE,
discrimina,VERB,O,discriminar,FALSE,
comido,VERB,O,comer,FALSE,
sándwichs,NOUN,O,sándwichs,TRUE,True
milanesa,NOUN,O,milanés,FALSE,
acusa,VERB,O,acusar,FALSE,
divertido,ADJ,O,divertir,FALSE,
aislado,ADJ,O,aislar,FALSE,
sumó,VERB,O,sumar,FALSE,
presente,ADJ,O,presentar,FALSE,
capitales,NOUN,O,capital,FALSE,
incorpora,VERB,O,incorporar,FALSE,
perros,NOUN,O,perro,FALSE,
compañías,NOUN,O,compañía,FALSE,
optan,VERB,O,optar,FALSE,
adoptar,VERB,O,adoptar,FALSE,
institucional,ADJ,O,institucional,FALSE,
incursión,NOUN,O,incursión,FALSE,
concepto,NOUN,O,concepto,FALSE,
sintetizado,ADJ,O,sintetizar,FALSE,
friendly,NOUN,O,friendly,TRUE,False
amigable,ADJ,O,amigable,FALSE,
desarrollo,NOUN,O,desarrollar,FALSE,
reglas,NOUN,O,reglar,FALSE,
definidas,ADJ,O,definir,FALSE,
modus,NOUN,O,modus,FALSE,
operandi,NOUN,O,operandi,FALSE,
establecido,ADJ,O,establecer,FALSE,
iniciativas,NOUN,O,iniciativo,FALSE,
improvisación,NOUN,O,improvisación,FALSE,
sano,ADJ,O,sanar,FALSE,
traer,VERB,O,traer,FALSE,
podés,NOUN,O,podés,FALSE,
involucrada,ADJ,O,involucrar,FALSE,
incidente,NOUN,O,incidente,FALSE,
violento,ADJ,O,violentar,FALSE,
despedida,NOUN,O,despedir,FALSE,
pasaría,VERB,O,pasar,FALSE,
pasó,VERB,O,pasar,FALSE,
agencia,NOUN,O,agenciar,FALSE,
funcionamiento,NOUN,O,funcionamiento,FALSE,
convivencia,NOUN,O,convivencia,FALSE,
Tenemos,VERB,O,Tenemos,FALSE,
idea,NOUN,O,ideo,FALSE,
comunidad,NOUN,O,comunidad,FALSE,
conjunto,NOUN,O,conjuntar,FALSE,
sentirse,NOUN,O,sentirse,FALSE,
cómodos,ADJ,O,cómodo,FALSE,
Parte,NOUN,O,Parte,FALSE,
mascota,VERB,O,mascota,FALSE,
particular,NOUN,O,particular,FALSE,
necesitás,ADJ,O,necesitás,FALSE,
opera,VERB,O,operar,FALSE,
adoptó,VERB,O,adoptar,FALSE,
licenciada,NOUN,O,licenciar,FALSE,
publicidad,NOUN,O,publicidad,FALSE,
encargadas,NOUN,O,encargar,FALSE,
pasearlo,NOUN,O,pasearlo,FALSE,
lunes,NOUN,O,lunes,FALSE,
viernes,NOUN,O,viernes,FALSE,
encuesta,NOUN,O,encuestar,FALSE,
resultado,NOUN,O,resultar,FALSE,
favorable,ADJ,O,favorable,FALSE,
comunicaron,VERB,O,comunicar,FALSE,
programa,NOUN,O,programar,FALSE,
adopciones,NOUN,O,adopción,FALSE,
conocieron,VERB,O,conocer,FALSE,
dormía,VERB,O,dormir,FALSE,
noches,NOUN,O,noche,FALSE,
gustaba,VERB,O,gustar,FALSE,
decidieron,VERB,O,decidir,FALSE,
turnarse,NOUN,O,turnarse,FALSE,
alojarlo,VERB,O,alojarlo,FALSE,
casas,NOUN,O,casar,FALSE,
llevarlo,NOUN,O,llevarlo,FALSE,
lindo,ADJ,O,lindar,FALSE,
tenerlo,VERB,O,tenerlo,FALSE,
distraés,VERB,O,distraés,FALSE,
salís,NOUN,O,salir,FALSE,
monotonía,NOUN,O,monotonía,FALSE,
rutina,NOUN,O,rutina,FALSE,
divino,ADJ,O,divino,FALSE,
saluda,NOUN,O,saludar,FALSE,
cruza,VERB,O,cruzar,FALSE,
relata,VERB,O,relatar,FALSE,
obsesionado,ADJ,O,obsesionar,FALSE,
cabos,ADJ,O,cabo,FALSE,
sueltos,NOUN,O,suelto,FALSE,
tardó,VERB,O,tardar,FALSE,
dejar,VERB,O,dejar,FALSE,
directivos,NOUN,O,directivo,FALSE,
levantar,VERB,O,levantar,FALSE,
atar,VERB,O,atar,FALSE,
cables,NOUN,O,cable,FALSE,
entrada,NOUN,O,entrar,FALSE,
ascensor,NOUN,O,ascensor,FALSE,
sorprenden,VERB,O,sorprender,FALSE,
edificio,NOUN,O,edificio,FALSE,
clientes,NOUN,O,cliente,FALSE,
feliz,ADJ,O,feliz,FALSE,
consultados,ADJ,O,consultar,FALSE,
quejas,NOUN,O,quejar,FALSE,
compañeros,NOUN,O,compañero,FALSE,
referencia,NOUN,O,referenciar,FALSE,
excepciones,NOUN,O,excepcionar,FALSE,
chico,NOUN,O,chico,FALSE,
trabajaba,VERB,O,trabajar,FALSE,
hacía,VERB,O,hacer,FALSE,
necesidades,NOUN,O,necesidad,FALSE,
escritorio,NOUN,O,escritorio,FALSE,
marcando,ADJ,O,marcar,FALSE,
territorio,NOUN,O,territorio,FALSE,
ciega,ADJ,O,ciego,FALSE,
cloc,NOUN,O,cloc,FALSE,
piso,NOUN,O,pisar,FALSE,
madera,NOUN,O,maderar,FALSE,
resuena,ADJ,O,resonar,FALSE,
computadoras,NOUN,O,computador,FALSE,
recuerda,VERB,O,recordar,FALSE,
número,NOUN,O,número,FALSE,
tap,NOUN,O,tap,TRUE,False
elemento,NOUN,O,elementar,FALSE,
percusión,NOUN,O,percusión,FALSE,
incluido,ADJ,O,incluir,FALSE,
uñas,NOUN,O,uña,FALSE,
perdió,VERB,O,perder,FALSE,
deambular,VERB,O,deambular,FALSE,
volvió,VERB,O,volver,FALSE,
frecuente,ADJ,O,frecuentar,FALSE,
ternura,NOUN,O,ternura,FALSE,
conectan,VERB,O,conectar,FALSE,
tranquilo,ADJ,O,tranquilo,FALSE,
interacción,NOUN,O,interacción,FALSE,
sostiene,VERB,O,sostener,FALSE,
mamá,NOUN,O,mamá,FALSE,
creativa,ADJ,O,creativo,FALSE,
branding,NOUN,O,branding,TRUE,False
perfil,NOUN,O,perfil,FALSE,
particular,ADJ,O,particular,FALSE,
pareció,VERB,O,parecer,FALSE,
especialidad,NOUN,O,especialidad,FALSE,
locales,ADJ,O,local,FALSE,
gastronomía,NOUN,O,gastronomía,FALSE,
cálido,ADJ,O,cálido,FALSE,
sientas,VERB,O,sentir,FALSE,
apunta,VERB,O,apuntar,FALSE,
cree,VERB,O,creer,FALSE,
cuestión,NOUN,O,cuestión,FALSE,
generacional,ADJ,O,generacional,FALSE,
balance,NOUN,O,balance,FALSE,
work-life,NOUN,O,work-life,TRUE,False
integration,ADJ,O,integration,TRUE,False
integración,NOUN,O,integración,FALSE,
empleado,NOUN,O,emplear,FALSE,
íntegra,ADJ,O,íntegro,FALSE,
ponerse,NOUN,O,ponerse,FALSE,
careta,NOUN,O,careta,FALSE,
llega,VERB,O,llegar,FALSE,
quitársela,VERB,O,quitársela,FALSE,
circunstancias,NOUN,O,circunstancia,FALSE,
vos,NOUN,O,tú,FALSE,
conecta,VERB,O,conectar,FALSE,
emociones,NOUN,O,emocionar,FALSE,
stress,NOUN,O,stress,TRUE,False
stress,NOUN,O,stress,FALSE,
entidades,NOUN,O,entidad,FALSE,
dedicadas,ADJ,O,dedicar,FALSE,
entrenamiento,NOUN,O,entrenamiento,FALSE,
asistencia,NOUN,O,asistencia,FALSE,
terapia,NOUN,O,terapia,FALSE,
asistida,ADJ,O,asistir,FALSE,
importantes,ADJ,O,importante,FALSE,
nivel,NOUN,O,nivel,FALSE,
internacional,ADJ,O,internacional,FALSE,
filial,NOUN,O,filial,FALSE,
argentina,ADJ,O,argentino,FALSE,
olvidar,VERB,O,olvidar,FALSE,
presentación,NOUN,O,presentación,FALSE,
formal,ADJ,O,formal,FALSE,
ayudar,VERB,O,ayudar,FALSE,
mandársela,NOUN,O,mandársela,FALSE,
vínculo,NOUN,O,vínculo,FALSE,
adeptos,NOUN,O,adepto,FALSE,
animales,NOUN,O,animal,FALSE,
entorno,NOUN,O,entornar,FALSE,
descontracturan,VERB,O,descontracturan,FALSE,
relajan,VERB,O,relajar,FALSE,
motivan,VERB,O,motivar,FALSE,
placer,NOUN,O,placer,FALSE,
pausa,NOUN,O,pausar,FALSE,
sale,VERB,O,salir,FALSE,
comparte,VERB,O,compartir,FALSE,
conoce,VERB,O,conocer,FALSE,
especialista,NOUN,O,especialista,FALSE,
contacto,NOUN,O,contactar,FALSE,
animal,NOUN,O,animal,FALSE,
beneficios,NOUN,O,beneficio,FALSE,
emocionales,ADJ,O,emocional,FALSE,
físicos,ADJ,O,físico,FALSE,
acariciarlo,VERB,O,acariciarlo,FALSE,
baja,VERB,O,bajo,FALSE,
presión,NOUN,O,presión,FALSE,
sanguínea,ADJ,O,sanguíneo,FALSE,
ayuda,VERB,O,ayudar,FALSE,
disminuir,VERB,O,disminuir,FALSE,
relaja,VERB,O,relajar,FALSE,
beneficiosos,NOUN,O,beneficioso,FALSE,
aclara,VERB,O,aclarar,FALSE,
elemental,ADJ,O,elemental,FALSE,
seleccionados,ADJ,O,seleccionar,FALSE,
adiestrados,ADJ,O,adiestrar,FALSE,
acceso,NOUN,O,acceso,FALSE,
deambulación,NOUN,O,deambulación,FALSE,
permanencia,NOUN,O,permanencia,FALSE,
discapacidad,NOUN,O,discapacidad,FALSE,
acompañados,ADJ,O,acompañar,FALSE,
perro,NOUN,O,perro,FALSE,
guía,VERB,O,guiar,FALSE,
sancionada,ADJ,O,sancionar,FALSE,
regulada,VERB,O,regular,FALSE,
afirma,VERB,O,afirmar,FALSE,
tipos,NOUN,O,tipo,FALSE,
actividades,NOUN,O,actividad,FALSE,
ideadas,ADJ,O,idear,FALSE,
empresarial,ADJ,O,empresarial,FALSE,
oficinas,NOUN,O,oficina,FALSE,
interactúen,VERB,O,interactuar,FALSE,
encuentros,NOUN,O,encuentro,FALSE,
informativos,ADJ,O,informativo,FALSE,
ejercicios,NOUN,O,ejercicio,FALSE,
valores,NOUN,O,valorar,FALSE,
empresariales,ADJ,O,empresarial,FALSE,
puntuales,ADJ,O,puntual,FALSE,
visitó,VERB,O,visitar,FALSE,
división,NOUN,O,división,FALSE,
sanidad,NOUN,O,sanidad,FALSE,
animal,ADJ,O,animal,FALSE,
apoya,VERB,O,apoyar,FALSE,
calificarse,VERB,O,calificarse,FALSE,
concurrieron,VERB,O,concurrir,FALSE,
instalaciones,NOUN,O,instalación,FALSE,
evolucionando,VERB,O,evolucionar,FALSE,
analizar,VERB,O,analizar,FALSE,
incorporar,VERB,O,incorporar,FALSE,
modalidad,NOUN,O,modalidad,FALSE,
actividad,NOUN,O,actividad,FALSE,
firme,ADJ,O,firmar,FALSE,
conocen,VERB,O,conocer,FALSE,
pretender,VERB,O,pretender,FALSE,
convivan,VERB,O,convivir,FALSE,
ambiente,NOUN,O,ambientar,FALSE,
encargada,ADJ,O,encargar,FALSE,
1000,NOUN,O,1000,FALSE,
unieron,VERB,O,unir,FALSE,
clima,NOUN,O,clima,FALSE,
pertenencia,NOUN,O,pertenencia,FALSE,
visitas,NOUN,O,visitar,FALSE,
comunicó,VERB,O,comunicar,FALSE,
áreas,NOUN,O,área,FALSE,
sumarse,NOUN,O,sumarse,FALSE,
enamorada,ADJ,O,enamorar,FALSE,
doy,VERB,O,dar,FALSE,
vuelta,NOUN,O,volver,FALSE,
comentarios,NOUN,O,comentario,FALSE,
dejan,VERB,O,dejar,FALSE,
reseñas,NOUN,O,reseñar,FALSE,
restaurantes,NOUN,O,restaurante,FALSE,
notas,NOUN,O,noto,FALSE,
tendencias,NOUN,O,tendencia,FALSE,
gastronómicas,ADJ,O,gastronómico,FALSE,
asombra,VERB,O,asombrar,FALSE,
odio,NOUN,O,odiar,FALSE,
despiertan,VERB,O,despertar,FALSE,
modas,NOUN,O,moda,FALSE,
lectores,NOUN,O,lector,FALSE,
fusión,NOUN,O,fusión,FALSE,
bagels,NOUN,O,bagels,TRUE,False
cocina,NOUN,O,cocinar,FALSE,
nikkei,VERB,O,nikkei,FALSE,
foristas,NOUN,O,foristas,FALSE,
indignados,ADJ,O,indignar,FALSE,
reclaman,VERB,O,reclamar,FALSE,
terminar,VERB,O,terminar,FALSE,
estupidez,NOUN,O,estupidez,FALSE,
inclusión,NOUN,O,inclusión,FALSE,
ingredientes,NOUN,O,ingrediente,FALSE,
menú,NOUN,O,menú,FALSE,
concentra,VERB,O,concentrar,FALSE,
reclamos,NOUN,O,reclamo,FALSE,
temor,NOUN,O,temor,FALSE,
productos,NOUN,O,producto,FALSE,
amenacen,VERB,O,amenazar,FALSE,
cultura,NOUN,O,cultura,FALSE,
tradiciones,NOUN,O,tradición,FALSE,
instale,VERB,O,instalar,FALSE,
tambalear,VERB,O,tambalear,FALSE,
mesa,NOUN,O,mesar,FALSE,
domingo,NOUN,O,domingo,FALSE,
boludez,NOUN,O,boludez,FALSE,
sushi,NOUN,O,sushi,FALSE,
cobran,VERB,O,cobrar,FALSE,
arroz,NOUN,O,arroz,FALSE,
pescado,NOUN,O,pescar,FALSE,
crudo,ADJ,O,crudo,FALSE,
precio,NOUN,O,preciar,FALSE,
oro,NOUN,O,orar,FALSE,
focas,ADJ,O,foca,FALSE,
enrollaran,VERB,O,enrollar,FALSE,
bosta,NOUN,O,bosta,FALSE,
caballo,NOUN,O,caballo,FALSE,
dirían,VERB,O,decir,FALSE,
exquisita,NOUN,O,exquisito,FALSE,
reproducen,VERB,O,reproducir,FALSE,
rabia,ADJ,O,rabiar,FALSE,
sucede,VERB,O,suceder,FALSE,
cupcakes,NOUN,O,cupcakes,TRUE,False
detractores,NOUN,O,detractor,FALSE,
digan,VERB,O,decir,FALSE,
tortitas,NOUN,O,tortita,FALSE,
decoradas,ADJ,O,decorar,FALSE,
madalenas,ADJ,O,madalenas,FALSE,
especialidades,NOUN,O,especialidad,FALSE,
enojan,VERB,O,enojar,FALSE,
spaghetti,NOUN,O,spaghetti,FALSE,
fusilli,NOUN,O,fusilli,FALSE,
lasagna,ADJ,O,lasagna,FALSE,
reclama,VERB,O,reclamar,FALSE,
diga,VERB,O,decir,FALSE,
fideo,NOUN,O,fideo,FALSE,
finito,ADJ,O,finito,FALSE,
pasta,NOUN,O,pastar,FALSE,
enroscada,ADJ,O,enroscar,FALSE,
galicismos,NOUN,O,galicismo,FALSE,
pedido,VERB,O,pedir,FALSE,
renombrar,VERB,O,renombrar,FALSE,
salsa,NOUN,O,salsa,FALSE,
fideos,NOUN,O,fideo,FALSE,
cuidar,VERB,O,cuidar,FALSE,
costumbres,NOUN,O,costumbre,FALSE,
francés,NOUN,O,francés,FALSE,
amenazas,NOUN,O,amenazar,FALSE,
llegaron,VERB,O,llegar,FALSE,
porteña,ADJ,O,porteño,FALSE,
comensal,NOUN,O,comensal,FALSE,
acostumbró,VERB,O,acostumbrar,FALSE,
verlos,NOUN,O,verlos,FALSE,
altura,NOUN,O,altura,FALSE,
mousse,NOUN,O,mousse,FALSE,
matar,VERB,O,matar,FALSE,
erradicar,VERB,O,erradicar,FALSE,
flan,NOUN,O,flan,FALSE,
dulce,NOUN,O,dulce,FALSE,
leche,NOUN,O,leche,FALSE,
conservadores,ADJ,O,conservador,FALSE,
incorporación,NOUN,O,incorporación,FALSE,
frutas,NOUN,O,fruto,FALSE,
verduras,NOUN,O,verdura,FALSE,
habituales,ADJ,O,habitual,FALSE,
mercado,NOUN,O,mercar,FALSE,
local,ADJ,O,local,FALSE,
reciben,VERB,O,recibir,FALSE,
rúcula,NOUN,O,rúcula,FALSE,
silvestre,ADJ,O,silvestre,FALSE,
maracuyá,NOUN,O,maracuyá,FALSE,
incipientes,NOUN,O,incipiente,FALSE,
lychees,ADJ,O,lychees,FALSE,
lechuga,NOUN,O,lechuga,FALSE,
criolla,NOUN,O,criollo,FALSE,
violentas,ADJ,O,violento,FALSE,
abundantes,ADJ,O,abundante,FALSE,
selvática,ADJ,O,selvático,FALSE,
trae,VERB,O,traer,FALSE,
tipea,NOUN,O,tipea,FALSE,
furioso,ADJ,O,furioso,FALSE,
lector,NOUN,O,lector,FALSE,
harto,ADJ,O,hartar,FALSE,
innovaciones,NOUN,O,innovación,FALSE,
indignación,NOUN,O,indignación,FALSE,
llegada,NOUN,O,llegar,FALSE,
frapuccinos,NOUN,O,frapuccinos,FALSE,
competir,VERB,O,competir,FALSE,
café,NOUN,O,café,FALSE,
barrio,NOUN,O,barrio,FALSE,
donuts,NOUN,O,donut,TRUE,False
rollos,NOUN,O,rollo,FALSE,
canela,NOUN,O,canelo,FALSE,
muffins,NOUN,O,muffins,TRUE,False
apariencia,NOUN,O,apariencia,FALSE,
asesinar,VERB,O,asesinar,FALSE,
facturas,NOUN,O,facturar,FALSE,
libritos,NOUN,O,libritos,FALSE,
grasa,NOUN,O,graso,FALSE,
medialunas,NOUN,O,medialuna,FALSE,
ristretto,NOUN,O,ristretto,FALSE,
resentimiento,NOUN,O,resentimiento,FALSE,
porteño,ADJ,O,porteño,FALSE,
paladar,NOUN,O,paladar,FALSE,
leer,VERB,O,leer,FALSE,
queso,NOUN,O,queso,FALSE,
brie,VERB,O,brie,FALSE,
tiraditos,NOUN,O,tiraditos,FALSE,
lenguado,NOUN,O,lenguado,FALSE,
macarons,NOUN,O,macarons,FALSE,
comidas,NOUN,O,comida,FALSE,
mueren,VERB,O,morir,FALSE,
carne,NOUN,O,carne,FALSE,
salmón,NOUN,O,salmón,FALSE,
gustan,VERB,O,gustar,FALSE,
querría,VERB,O,querer,FALSE,
escuchando,VERB,O,escuchar,FALSE,
disco,NOUN,O,disco,FALSE,
escuchaba,VERB,O,escuchar,FALSE,
vestirse,VERB,O,vestirse,FALSE,
ropa,NOUN,O,ropa,FALSE,
usaba,VERB,O,usar,FALSE,
1910,NOUN,O,1910,FALSE,
desgracia,NOUN,O,desgraciar,FALSE,
quieran,VERB,O,querer,FALSE,
ravioles,ADJ,O,ravioles,FALSE,
variar,VERB,O,variar,FALSE,
trago,NOUN,O,tragar,FALSE,
novedoso,ADJ,O,novedoso,FALSE,
probar,VERB,O,probar,FALSE,
vienen,VERB,O,venir,FALSE,
asesinos,NOUN,O,asesino,FALSE,
recibió,VERB,O,recibir,FALSE,
guionista,NOUN,O,guionista,FALSE,
realización,NOUN,O,realización,FALSE,
cinematográfica,ADJ,O,cinematográfico,FALSE,
autora,NOUN,O,autor,FALSE,
blogs,NOUN,O,blogs,TRUE,False
editó,VERB,O,editar,FALSE,
libro,NOUN,O,librar,FALSE,
sello,NOUN,O,sellar,FALSE,
2008,NOUN,O,2008,FALSE,
citas,NOUN,O,citar,FALSE,
transformarse,NOUN,O,transformarse,FALSE,
transformó,VERB,O,transformar,FALSE,
serie,NOUN,O,seriar,FALSE,
televisión,NOUN,O,televisión,FALSE,
adaptada,ADJ,O,adaptar,FALSE,
blog,NOUN,O,blog,TRUE,False
diarios,NOUN,O,diario,FALSE,
revistas,NOUN,O,revistar,FALSE,
productoras,NOUN,O,productor,FALSE,
columnista,NOUN,O,columnista,FALSE,
trabajando,VERB,O,trabajar,FALSE,
saldrá,VERB,O,salir,FALSE,
papel,NOUN,O,papel,FALSE,
2010,NOUN,O,2010,FALSE,
relato,NOUN,O,relatar,FALSE,
construido,ADJ,O,construir,FALSE,
grabaciones,NOUN,O,grabación,FALSE,
singular,ADJ,O,singular,FALSE,
relación,NOUN,O,relación,FALSE,
orígenes,NOUN,O,origen,FALSE,
periodísticos,ADJ,O,periodístico,FALSE,
descubrió,VERB,O,descubrir,FALSE,
jóvenes,NOUN,O,joven,FALSE,
compró,VERB,O,comprar,FALSE,
comunicarse,NOUN,O,comunicarse,FALSE,
suburbio,NOUN,O,suburbio,FALSE,
sistemas,NOUN,O,sistema,FALSE,
centrales,NOUN,O,central,FALSE,
nucleares,ADJ,O,nuclear,FALSE,
francesas,ADJ,O,francés,FALSE,
1988,NOUN,O,1988,FALSE,
autoridades,NOUN,O,autoridad,FALSE,
australianas,ADJ,O,australiano,FALSE,
endurecieron,VERB,O,endurecer,FALSE,
tipificaban,VERB,O,tipificar,FALSE,
informáticos,ADJ,O,informático,FALSE,
gesto,NOUN,O,gestar,FALSE,
unía,VERB,O,unir,FALSE,
futuro,NOUN,O,futuro,FALSE,
guardar,VERB,O,guardar,FALSE,
discos,NOUN,O,disco,FALSE,
colmena,NOUN,O,colmena,FALSE,
abejas,NOUN,O,abeja,FALSE,
vagabundeado,VERB,O,vagabundear,FALSE,
saberes,NOUN,O,saber,FALSE,
protegían,VERB,O,proteger,FALSE,
errancias,NOUN,O,errancias,FALSE,
autorizada,ADJ,O,autorizar,FALSE,
hombres,NOUN,O,hombre,FALSE,
buscados,ADJ,O,buscar,FALSE,
refugio,NOUN,O,refugiar,FALSE,
escuetas,NOUN,O,escueto,FALSE,
habitaciones,NOUN,O,habitación,FALSE,
embajada,NOUN,O,embajada,FALSE,
editorial,NOUN,O,editorial,FALSE,
británica,ADJ,O,británico,FALSE,
cumplir,VERB,O,cumplir,FALSE,
contrato,NOUN,O,contratar,FALSE,
pagado,VERB,O,pagar,FALSE,
adelanto,NOUN,O,adelantar,FALSE,
pensaba,VERB,O,pensar,FALSE,
utilizarlo,NOUN,O,utilizarlo,FALSE,
acusaciones,NOUN,O,acusación,FALSE,
preso,ADJ,O,preso,FALSE,
celda,NOUN,O,celda,FALSE,
máxima,ADJ,O,máximo,FALSE,
forzar,VERB,O,forzar,FALSE,
extradición,NOUN,O,extradición,FALSE,
declaró,VERB,O,declarar,FALSE,
memorias,NOUN,O,memoria,FALSE,
prostitución,NOUN,O,prostitución,FALSE,
escocés,NOUN,O,escocés,FALSE,
ghost,NOUN,O,ghost,TRUE,False
writer,ADJ,O,writer,TRUE,False
oxímoron,VERB,O,oxímoron,FALSE,
revelaciones,NOUN,O,revelación,FALSE,
maravilloso,ADJ,O,maravilloso,FALSE,
juventud,NOUN,O,juventud,FALSE,
reflexiones,NOUN,O,reflexionar,FALSE,
iluminadoras,ADJ,O,iluminador,FALSE,
inconsistentes,NOUN,O,inconsistente,FALSE,
soliloquio,NOUN,O,soliloquiar,FALSE,
defensivo,ADJ,O,defensivo,FALSE,
alcanza,VERB,O,alcanzar,FALSE,
estatura,NOUN,O,estatura,FALSE,
manifiesto,NOUN,O,manifestar,FALSE,
pretendió,VERB,O,pretender,FALSE,
expresa,VERB,O,expreso,FALSE,
acciones,NOUN,O,accionar,FALSE,
plano,NOUN,O,plano,FALSE,
elocuencia,NOUN,O,elocuencia,FALSE,
caudal,NOUN,O,caudal,FALSE,
abrumador,NOUN,O,abrumador,FALSE,
secreta,ADJ,O,secreto,FALSE,
deja,VERB,O,dejar,FALSE,
evidencia,NOUN,O,evidenciar,FALSE,
manipulaciones,NOUN,O,manipulación,FALSE,
logrado,VERB,O,lograr,FALSE,
movilizar,VERB,O,movilizar,FALSE,
ONG,NOUN,O,ONG,FALSE,
gobiernos,NOUN,O,gobierno,FALSE,
arresto,NOUN,O,arrestar,FALSE,
domiciliario,ADJ,O,domiciliario,FALSE,
cumplió,VERB,O,cumplir,FALSE,
mujer,NOUN,O,mujer,FALSE,
personajes,NOUN,O,personaje,FALSE,
clave,NOUN,O,clavar,FALSE,
formación,NOUN,O,formación,FALSE,
manifestación,NOUN,O,manifestación,FALSE,
combatieron,VERB,O,combatir,FALSE,
australianos,ADJ,O,australiano,FALSE,
provinciana,NOUN,O,provinciano,FALSE,
marea,NOUN,O,marear,FALSE,
protesta,NOUN,O,protestar,FALSE,
culto,NOUN,O,culto,FALSE,
bigote,NOUN,O,bigote,FALSE,
julio,NOUN,O,julio,FALSE,
matrimonio,NOUN,O,matrimoniar,FALSE,
dura,VERB,O,duro,FALSE,
escena,NOUN,O,escena,FALSE,
adoptivo,ADJ,O,adoptivo,FALSE,
daría,VERB,O,dar,FALSE,
apellido,NOUN,O,apellidar,FALSE,
chino,NOUN,O,chino,FALSE,
marcaría,VERB,O,marcar,FALSE,
sentido,NOUN,O,sentir,FALSE,
arte,NOUN,O,arte,FALSE,
bohemia,NOUN,O,bohemio,FALSE,
tratarán,VERB,O,tratar,FALSE,
escapar,VERB,O,escapar,FALSE,
recorriendo,VERB,O,recorrer,FALSE,
infinitas,ADJ,O,infinito,FALSE,
encontraba,VERB,O,encontrar,FALSE,
supo,VERB,O,saber,FALSE,
formaba,VERB,O,formar,FALSE,
secta,NOUN,O,secta,FALSE,
complicidad,NOUN,O,complicidad,FALSE,
hacían,VERB,O,hacer,FALSE,
incesante,ADJ,O,incesante,FALSE,
persecución,NOUN,O,persecución,FALSE,
brilla,VERB,O,brillar,FALSE,
cielo,NOUN,O,cielo,FALSE,
modelo,NOUN,O,modelar,FALSE,
parangón,NOUN,O,parangón,FALSE,
poseía,VERB,O,poseer,FALSE,
don,NOUN,O,don,FALSE,
amar,VERB,O,amar,FALSE,
convertir,VERB,O,convertir,FALSE,
conoció,VERB,O,conocer,FALSE,
biológico,ADJ,O,biológico,FALSE,
iniciativa,NOUN,O,iniciativo,FALSE,
lamentó,VERB,O,lamentar,FALSE,
contado,VERB,O,contar,FALSE,
adolescencia,NOUN,O,adolescencia,FALSE,
encontró,VERB,O,encontrar,FALSE,
biblioteca,NOUN,O,biblioteca,FALSE,
lecturas,NOUN,O,lectura,FALSE,
comprendí,VERB,O,comprender,FALSE,
recorrido,NOUN,O,recorrer,FALSE,
estante,NOUN,O,estante,FALSE,
paso,NOUN,O,pasar,FALSE,
soportar,VERB,O,soportar,FALSE,
pruebas,NOUN,O,prueba,FALSE,
tribulaciones,NOUN,O,tribulación,FALSE,
leve,ADJ,O,levar,FALSE,
condena,NOUN,O,condenar,FALSE,
hacker,NOUN,O,hacker,TRUE,False
estudiaba,VERB,O,estudiar,FALSE,
física,ADJ,O,físico,FALSE,
matemática,ADJ,O,matemático,FALSE,
truco,NOUN,O,trucar,FALSE,
informático,ADJ,O,informático,FALSE,
vinculado,ADJ,O,vincular,FALSE,
desarrollos,NOUN,O,desarrollo,FALSE,
criptografía,NOUN,O,criptografía,FALSE,
habilidad,NOUN,O,habilidad,FALSE,
codificar,VERB,O,codificar,FALSE,
interceptados,VERB,O,interceptar,FALSE,
resistirse,NOUN,O,resistirse,FALSE,
asociación,NOUN,O,asociación,FALSE,
hermanos,NOUN,O,hermano,FALSE,
perseguidos,ADJ,O,perseguir,FALSE,
lunático,NOUN,O,lunático,FALSE,
cifra,NOUN,O,cifrar,FALSE,
enigma,NOUN,O,enigma,FALSE,
traducida,ADJ,O,traducir,FALSE,
filoso,ADJ,O,filoso,FALSE,
cyber-punks,NOUN,O,cyber-punks,TRUE,False
cibernética,NOUN,O,cibernético,FALSE,
puente,NOUN,O,puente,FALSE,
aspiración,NOUN,O,aspiración,FALSE,
periodismo,NOUN,O,periodismo,FALSE,
quería,VERB,O,querer,FALSE,
formarme,VERB,O,formarme,FALSE,
renovada,ADJ,O,renovar,FALSE,
honestidad,NOUN,O,honestidad,FALSE,
periodística,ADJ,O,periodístico,FALSE,
revolucionaria,ADJ,O,revolucionario,FALSE,
protección,NOUN,O,protección,FALSE,
detalle,NOUN,O,detallar,FALSE,
filtraciones,NOUN,O,filtración,FALSE,
públicas,ADJ,O,público,FALSE,
complicada,ADJ,O,complicar,FALSE,
reacción,NOUN,O,reacción,FALSE,
colaboradores,NOUN,O,colaborador,FALSE,
aprendizajes,NOUN,O,aprendizaje,FALSE,
colateral,ADJ,O,colateral,FALSE,
presuntos,ADJ,O,presunto,FALSE,
rebeldes,NOUN,O,rebelde,FALSE,
periodistas,NOUN,O,periodista,FALSE,
convierte,VERB,O,convertir,FALSE,
guerras,NOUN,O,guerra,FALSE,
mira,NOUN,O,mirar,FALSE,
diplomáticos,ADJ,O,diplomático,FALSE,
sellan,VERB,O,sellar,FALSE,
sexuales,ADJ,O,sexual,FALSE,
buscado,VERB,O,buscar,FALSE,
violador,NOUN,O,violador,FALSE,
evocativo,ADJ,O,evocativo,FALSE,
poético,ADJ,O,poético,FALSE,
mitad,NOUN,O,mitad,FALSE,
exaltado,ADJ,O,exaltar,FALSE,
decepción,NOUN,O,decepción,FALSE,
ironía,NOUN,O,ironía,FALSE,
iluminarse,NOUN,O,iluminarse,FALSE,
resplandor,NOUN,O,resplandor,FALSE,
anunciar,VERB,O,anunciar,FALSE,
llama,VERB,O,llamar,FALSE,
hablábamos,VERB,O,hablar,FALSE,
regularidad,NOUN,O,regularidad,FALSE,
gustó,VERB,O,gustar,FALSE,
restablecer,VERB,O,restablecer,FALSE,
preciso,ADJ,O,precisar,FALSE,
instante,NOUN,O,instante,FALSE,
encontraban,VERB,O,encontrar,FALSE,
borrador,NOUN,O,borrador,FALSE,
bosquejo,NOUN,O,bosquejar,FALSE,
personalidad,NOUN,O,personalidad,FALSE,
autobiografía,NOUN,O,autobiografía,FALSE,
traza,NOUN,O,trazar,FALSE,
rasgos,NOUN,O,rasgo,FALSE,
fuertes,ADJ,O,fuerte,FALSE,
esbozados,ADJ,O,esbozar,FALSE,
outlet,NOUN,O,outlet,TRUE,False
outlets,NOUN,O,outlets,TRUE,False
comercios,NOUN,O,comercio,FALSE,
comprar,VERB,O,comprar,FALSE,
NUEVA,ADJ,O,NUEVA,FALSE,
serlo,VERB,O,serlo,FALSE,
metros,NOUN,O,metro,FALSE,
ruta,NOUN,O,ruta,FALSE,
valle,NOUN,O,vallar,FALSE,
central,ADJ,O,central,FALSE,
black,ADJ,O,black,TRUE,False
friday,NOUN,O,friday,TRUE,False
cuna,NOUN,O,cunar,FALSE,
americanos,ADJ,O,americano,FALSE,
accesorios,NOUN,O,accesorio,FALSE,
cosméticos,ADJ,O,cosmético,FALSE,
marcas,NOUN,O,marcar,FALSE,
lujo,NOUN,O,lujo,FALSE,
diseñador,NOUN,O,diseñador,FALSE,
originado,ADJ,O,originar,FALSE,
denominado,ADJ,O,denominar,FALSE,
color,NOUN,O,color,FALSE,
denso,ADJ,O,denso,FALSE,
tránsito,NOUN,O,tránsito,FALSE,
colma,VERB,O,colmo,FALSE,
calles,NOUN,O,calle,FALSE,
oportunidad,NOUN,O,oportunidad,FALSE,
salir,VERB,O,salir,FALSE,
continúa,VERB,O,continuar,FALSE,
significativas,ADJ,O,significativo,FALSE,
rebajas,NOUN,O,rebajar,FALSE,
cero,NOUN,O,cero,FALSE,
vientos,NOUN,O,viento,FALSE,
desanimar,VERB,O,desanimar,FALSE,
caminar,VERB,O,caminar,FALSE,
obstáculo,NOUN,O,obstáculo,FALSE,
bus,NOUN,O,bus,FALSE,
tren,NOUN,O,tren,FALSE,
taxi,NOUN,O,taxi,FALSE,
limusina,NOUN,O,limusina,FALSE,
helicóptero,NOUN,O,helicóptero,FALSE,
resuelve,VERB,O,resolver,FALSE,
inconveniente,NOUN,O,inconveniente,FALSE,
atractivo,NOUN,O,atractivo,FALSE,
marca,NOUN,O,marcar,FALSE,
centros,NOUN,O,centro,FALSE,
grande,ADJ,O,grande,FALSE,
perteneciente,ADJ,O,perteneciente,FALSE,
bienes,NOUN,O,bien,FALSE,
raíces,NOUN,O,raíz,FALSE,
villa,VERB,O,villa,FALSE,
montañas,NOUN,O,montaña,FALSE,
sedes,NOUN,O,sede,FALSE,
sabido,VERB,O,saber,FALSE,
oportunidades,NOUN,O,oportunidad,FALSE,
firmas,NOUN,O,firmar,FALSE,
organizado,ADJ,O,organizar,FALSE,
colores,NOUN,O,colorir,FALSE,
necesario,ADJ,O,necesario,FALSE,
pasar,VERB,O,pasar,FALSE,
entero,ADJ,O,enterar,FALSE,
comprando,VERB,O,comprar,FALSE,
asientos,ADJ,O,asiento,FALSE,
cajeros,NOUN,O,cajero,FALSE,
automáticos,ADJ,O,automático,FALSE,
carritos,ADJ,O,carrito,FALSE,
bebes,NOUN,O,beber,FALSE,
sillas,NOUN,O,silla,FALSE,
ruedas,NOUN,O,rueda,FALSE,
listado,NOUN,O,listar,FALSE,
completo,ADJ,O,completar,FALSE,
mapa,NOUN,O,mapa,FALSE,
idiomas,NOUN,O,idioma,FALSE,
bienvenida,NOUN,O,bienvenido,FALSE,
adjunto,NOUN,O,adjuntar,FALSE,
soñados,ADJ,O,soñar,FALSE,
cupones,NOUN,O,cupón,French,
descuento,NOUN,O,descontar,FALSE,
suman,VERB,O,sumir,FALSE,
existentes,ADJ,O,existente,FALSE,
incluye,VERB,O,incluir,FALSE,
tablas,NOUN,O,tabla,FALSE,
conversión,NOUN,O,conversión,FALSE,
talles,NOUN,O,talle,FALSE,
envío,NOUN,O,enviar,FALSE,
shopper,VERB,O,shopper,TRUE,False
guía,NOUN,O,guiar,FALSE,
acompaña,ADJ,O,acompañar,FALSE,
tour,NOUN,O,tour,French,
reserva,NOUN,O,reservar,FALSE,
orienta,VERB,O,orientar,FALSE,
ofertas,NOUN,O,ofertar,FALSE,
aprovecharlas,NOUN,O,aprovecharlas,FALSE,
pasan,VERB,O,pasar,FALSE,
dato,NOUN,O,datar,FALSE,
mejores,ADJ,O,mejorar,FALSE,
descuentos,NOUN,O,descuento,FALSE,
previo,ADJ,O,previo,FALSE,
registro,NOUN,O,registrar,FALSE,
página,NOUN,O,página,FALSE,
fashion,NOUN,O,fashion,TRUE,False
victims,ADJ,O,victims,TRUE,False
compulsivo,ADJ,O,compulsivo,FALSE,
agenda,NOUN,O,agenda,FALSE,
chinos,NOUN,O,chino,FALSE,
protagonistas,NOUN,O,protagonista,FALSE,
bolsas,NOUN,O,bolsa,FALSE,
arrastrando,VERB,O,arrastrar,FALSE,
mexicanos,NOUN,O,mexicano,FALSE,
brasileños,ADJ,O,brasileño,FALSE,
cantidad,NOUN,O,cantidad,FALSE,
faltan,VERB,O,faltar,FALSE,
argentinos,NOUN,O,argentino,FALSE,
visitantes,NOUN,O,visitante,FALSE,
mirar,VERB,O,mirar,FALSE,
percheros,NOUN,O,perchero,FALSE,
contratemporada,NOUN,O,contratemporada,FALSE,
dólares,NOUN,O,dólar,FALSE,
modelos,NOUN,O,modelo,FALSE,
escote,NOUN,O,escotar,FALSE,
tul,NOUN,O,tul,FALSE,
soleros,ADJ,O,soleros,FALSE,
poliéster,VERB,O,poliéster,FALSE,
poliéster,VERB,O,poliéster,TRUE,True
guardas,NOUN,O,guardar,FALSE,
mostacilla,NOUN,O,mostacilla,FALSE,
encaje,NOUN,O,encajar,FALSE,
chemises,NOUN,O,chemises,FALSE,
algodón,NOUN,O,algodón,FALSE,
spandex,NOUN,O,spandex,TRUE,False
leggings,NOUN,O,leggings,TRUE,False
jeans,NOUN,O,jeans,TRUE,False
obstante,NOUN,O,obstante,FALSE,
andar,VERB,O,andar,FALSE,
interiores,NOUN,O,interior,FALSE,
ballerinas,NOUN,O,ballerinas,FALSE,
lana,NOUN,O,lana,FALSE,
botas,NOUN,O,boto,FALSE,
cortas,ADJ,O,corto,FALSE,
botinetas,ADJ,O,botinetas,FALSE,
golf,NOUN,O,golf,TRUE,False
nylon,NOUN,O,nylon,FALSE,
original,ADJ,O,original,FALSE,
charol,NOUN,O,charol,FALSE,
negro,ADJ,O,negro,FALSE,
obtienen,VERB,O,obtener,FALSE,
multiplicados,ADJ,O,multiplicar,FALSE,
convenientes,ADJ,O,conveniente,FALSE,
vidrieras,NOUN,O,vidriera,FALSE,
ideal,ADJ,O,ideal,FALSE,
aprovechar,VERB,O,aprovechar,FALSE,
cierre,NOUN,O,cerrar,FALSE,
comercial,ADJ,O,comercial,FALSE,
alojarse,NOUN,O,alojarse,FALSE,
cercano,ADJ,O,cercano,FALSE,
regresar,VERB,O,regresar,FALSE,
calzados,NOUN,O,calzar,FALSE,
abrigo,NOUN,O,abrigar,FALSE,
impermeable,ADJ,O,impermeable,FALSE,
bandolera,NOUN,O,bandolero,FALSE,
mochila,ADJ,O,mochila,FALSE,
liviana,ADJ,O,liviano,FALSE,
valija,ADJ,O,valija,FALSE,
rueditas,NOUN,O,rueditas,FALSE,
exagerado,ADJ,O,exagerar,FALSE,
ofrecidos,ADJ,O,ofrecer,FALSE,
hoteles,NOUN,O,hotel,FALSE,
vecinos,ADJ,O,vecino,FALSE,
curiosos,ADJ,O,curioso,FALSE,
insólitos,NOUN,O,insólito,FALSE,
mismísima,ADJ,O,mismísima,FALSE,
academia,NOUN,O,academia,FALSE,
militar,ADJ,O,militar,FALSE,
estada,NOUN,O,estar,FALSE,
extraña,ADJ,O,extraño,FALSE,
conveniente,ADJ,O,conveniente,FALSE,
accede,VERB,O,acceder,FALSE,
pasaporte,NOUN,O,pasaportar,FALSE,
mano,NOUN,O,manir,FALSE,
ribera,NOUN,O,ribera,FALSE,
río,NOUN,O,reír,FALSE,
bucólico,ADJ,O,bucólico,FALSE,
antigua,ADJ,O,antiguo,FALSE,
construcción,NOUN,O,construcción,FALSE,
piedra,NOUN,O,piedra,FALSE,
deco,NOUN,O,deco,FALSE,
DATOS,NOUN,O,DATOS,FALSE,
UTILES,ADJ,O,UTILES,FALSE,
llegar,VERB,O,llegar,FALSE,
avenida,NOUN,O,avenir,FALSE,
subir,VERB,O,subir,FALSE,
escaleras,NOUN,O,escalera,FALSE,
mecánicas,ADJ,O,mecánico,FALSE,
izquierda,ADJ,O,izquierdo,FALSE,
ventanilla,NOUN,O,ventanilla,FALSE,
autobús,NOUN,O,autobús,FALSE,
buses,NOUN,O,bus,FALSE,
ida,NOUN,O,ir,FALSE,
street,NOUN,O,street,FALSE,
habitación,NOUN,O,habitación,FALSE,
base,NOUN,O,basar,FALSE,
doble,ADJ,O,doblar,FALSE,
ticktets,NOUN,O,ticktets,TRUE,False
late,NOUN,O,latir,TRUE,True
check,VERB,O,check,TRUE,False
coupon,VERB,O,coupon,French,
cuarta,ADJ,O,cuartar,FALSE,
noche,NOUN,O,noche,FALSE,
regalo,NOUN,O,regalar,FALSE,
alojamiento,NOUN,O,alojamiento,FALSE,
desayuno,NOUN,O,desayunar,FALSE,
buffet,NOUN,O,buffet,French,
jueves,NOUN,O,jueves,FALSE,
señor,NOUN,O,señor,FALSE,
enciclopedia,NOUN,O,enciclopedia,FALSE,
despierta,VERB,O,despierto,FALSE,
admiración,NOUN,O,admiración,FALSE,
pelea,NOUN,O,pelear,FALSE,
censura,NOUN,O,censurar,FALSE,
gana,VERB,O,ganar,FALSE,
fortunas,NOUN,O,fortuna,FALSE,
conocimiento,NOUN,O,conocimiento,FALSE,
rincones,NOUN,O,rincón,FALSE,
planeta,NOUN,O,planeta,FALSE,
gratuita,ADJ,O,gratuito,FALSE,
metió,VERB,O,meter,FALSE,
creación,NOUN,O,creación,FALSE,
principal,ADJ,O,principal,FALSE,
construye,VERB,O,construir,FALSE,
colaborativa,ADJ,O,colaborativa,FALSE,
quinta,ADJ,O,quinto,FALSE,
visitada,ADJ,O,visitar,FALSE,
herramienta,NOUN,O,herramienta,FALSE,
educativa,ADJ,O,educativo,FALSE,
reservorio,NOUN,O,reservorio,FALSE,
vía,NOUN,O,vía,FALSE,
esposa,NOUN,O,esposo,FALSE,
hija,NOUN,O,hijo,FALSE,
acostumbrado,ADJ,O,acostumbrar,FALSE,
prensa,NOUN,O,prensar,FALSE,
prende,VERB,O,prender,FALSE,
frases,NOUN,O,frase,FALSE,
repite,VERB,O,repetir,FALSE,
calcadas,ADJ,O,calcar,FALSE,
entrevistas,NOUN,O,entrevistar,FALSE,
entregar,VERB,O,entregar,FALSE,
monosílabos,ADJ,O,monosílabo,FALSE,
incomoda,NOUN,O,incomodar,FALSE,
crítica,NOUN,O,crítico,FALSE,
temas,NOUN,O,temer,FALSE,
personales,ADJ,O,personal,FALSE,
crecía,VERB,O,crecer,FALSE,
apodo,NOUN,O,apodar,FALSE,
nació,VERB,O,nacer,FALSE,
comerciante,NOUN,O,comerciante,FALSE,
maestra,ADJ,O,maestro,FALSE,
estudió,VERB,O,estudiar,FALSE,
escolares,ADJ,O,escolar,FALSE,
tomó,VERB,O,tomar,FALSE,
amor,NOUN,O,amor,FALSE,
doctorado,NOUN,O,doctorar,FALSE,
asesor,NOUN,O,asesor,FALSE,
financiero,ADJ,O,financiero,FALSE,
fortuna,NOUN,O,fortuna,FALSE,
miraba,VERB,O,mirar,FALSE,
pesadas,ADJ,O,pesar,FALSE,
enciclopedias,ADJ,O,enciclopedia,FALSE,
marcaba,VERB,O,marcar,FALSE,
stickers,NOUN,O,stickers,TRUE,False
entradas,NOUN,O,entrar,FALSE,
actualizadas,ADJ,O,actualizar,FALSE,
1996,NOUN,O,1996,FALSE,
contenidos,NOUN,O,contenido,FALSE,
eróticos,ADJ,O,erótico,FALSE,
llamado,ADJ,O,llamar,FALSE,
consultado,VERB,O,consultar,FALSE,
razón,NOUN,O,razón,FALSE,
elegir,VERB,O,elegir,FALSE,
describió,VERB,O,describir,FALSE,
motor,NOUN,O,motor,FALSE,
búsqueda,NOUN,O,búsqueda,FALSE,
destinado,ADJ,O,destinar,FALSE,
generaron,VERB,O,generar,FALSE,
ganancias,NOUN,O,ganancia,FALSE,
mudarse,NOUN,O,mudarse,FALSE,
surfear,VERB,O,surfear,TRUE,True
boom,NOUN,O,boom,TRUE,False
fundar,VERB,O,fundar,FALSE,
revisión,NOUN,O,revisión,FALSE,
pares,NOUN,O,parir,FALSE,
escritos,ADJ,O,escrito,FALSE,
expertos,NOUN,O,experto,FALSE,
duda,NOUN,O,dudar,FALSE,
embrión,NOUN,O,embrión,FALSE,
prosperó,VERB,O,prosperar,FALSE,
socios,NOUN,O,socio,FALSE,
apostaron,VERB,O,apostar,FALSE,
crecimiento,NOUN,O,crecimiento,FALSE,
obsesionó,VERB,O,obsesionar,FALSE,
abierta,ADJ,O,abrir,FALSE,
focalizó,VERB,O,focalizar,FALSE,
lleno,NOUN,O,llenar,FALSE,
enero,NOUN,O,enero,FALSE,
creada,ADJ,O,crear,FALSE,
wiki,NOUN,O,wiki,FALSE,
permite,VERB,O,permitir,FALSE,
usuarios,NOUN,O,usuario,FALSE,
crear,VERB,O,crear,FALSE,
contenido,NOUN,O,contener,FALSE,
editarlo,VERB,O,editarlo,FALSE,
editado,VERB,O,editar,FALSE,
artículo,NOUN,O,artículo,FALSE,
editar,VERB,O,editar,FALSE,
publicación,NOUN,O,publicación,FALSE,
voluntarios,NOUN,O,voluntario,FALSE,
velan,VERB,O,velar,FALSE,
edición,NOUN,O,edición,FALSE,
evitar,VERB,O,evitar,FALSE,
malintencionada,ADJ,O,malintencionado,FALSE,
errores,NOUN,O,error,FALSE,
mantenimiento,NOUN,O,mantenimiento,FALSE,
luchas,NOUN,O,luchar,FALSE,
egos,NOUN,O,ego,FALSE,
miradas,NOUN,O,mirar,FALSE,
arman,VERB,O,armar,FALSE,
largos,ADJ,O,largo,FALSE,
seguir,VERB,O,seguir,FALSE,
costado,NOUN,O,costar,FALSE,
levanta,VERB,O,levantar,FALSE,
revuelo,NOUN,O,revuelo,FALSE,
recurren,VERB,O,recurrir,FALSE,
brujo,NOUN,O,brujir,FALSE,
sabio,ADJ,O,sabio,FALSE,
mediará,VERB,O,mediar,FALSE,
múltiples,ADJ,O,múltiple,FALSE,
roles,ADJ,O,rolar,FALSE,
contenido,ADJ,O,contener,FALSE,
apasiona,VERB,O,apasionar,FALSE,
haré,VERB,O,hacer,FALSE,
explotó,VERB,O,explotar,FALSE,
gatear,VERB,O,gatear,FALSE,
giró,VERB,O,girar,FALSE,
timón,NOUN,O,timón,FALSE,
anunció,VERB,O,anunciar,FALSE,
fundación,NOUN,O,fundación,FALSE,
mantener,VERB,O,mantener,FALSE,
operación,NOUN,O,operación,FALSE,
encargada,NOUN,O,encargar,FALSE,
2007,NOUN,O,2007,FALSE,
recuadro,NOUN,O,recuadrar,FALSE,
disponible,ADJ,O,disponible,FALSE,
lenguas,NOUN,O,lengua,FALSE,
vistas,ADJ,O,vista,FALSE,
únicos,ADJ,O,único,FALSE,
mes,NOUN,O,mes,FALSE,
privilegios,NOUN,O,privilegio,FALSE,
nombrado,VERB,O,nombrar,FALSE,
influyentes,ADJ,O,influyente,FALSE,
revista,NOUN,O,revistar,FALSE,
joven,ADJ,O,joven,FALSE,
salido,VERB,O,salir,FALSE,
conferencias,NOUN,O,conferenciar,FALSE,
gozar,VERB,O,gozar,FALSE,
supera,VERB,O,superar,FALSE,
millón,NOUN,O,millón,FALSE,
incluidas,VERB,O,incluir,FALSE,
hosting,NOUN,O,hosting,TRUE,False
aloja,VERB,O,alojar,FALSE,
recibe,VERB,O,recibir,FALSE,
achaca,VERB,O,achacar,FALSE,
modificado,VERB,O,modificar,FALSE,
publicaciones,NOUN,O,publicación,FALSE,
protocolo,NOUN,O,protocolar,FALSE,
plataforma,NOUN,O,plataforma,FALSE,
modificación,NOUN,O,modificación,FALSE,
requiere,VERB,O,requerir,FALSE,
fáctica,ADJ,O,fáctico,FALSE,
atribuible,ADJ,O,atribuible,FALSE,
material,NOUN,O,material,FALSE,
publicado,ADJ,O,publicar,FALSE,
citado,VERB,O,citar,FALSE,
corrigió,VERB,O,corregir,FALSE,
biografía,NOUN,O,biografiar,FALSE,
error,NOUN,O,error,FALSE,
inverificable,ADJ,O,inverificable,FALSE,
nota,NOUN,O,noto,FALSE,
intentó,VERB,O,intentar,FALSE,
bromear,VERB,O,bromear,FALSE,
criticado,VERB,O,criticar,FALSE,
wikipedista,ADJ,O,wikipedista,FALSE,
único,ADJ,O,único,FALSE,
responsable,NOUN,O,responsable,FALSE,
contrató,VERB,O,contratar,FALSE,
académico,NOUN,O,académico,FALSE,
defensor,NOUN,O,defensor,FALSE,
software,NOUN,O,software,TRUE,False
lanzamiento,NOUN,O,lanzamiento,FALSE,
atribuye,VERB,O,atribuir,FALSE,
insiste,VERB,O,insistir,FALSE,
determinó,VERB,O,determinar,FALSE,
cofundador,NOUN,O,cofundador,FALSE,
nombrado,ADJ,O,nombrar,FALSE,
declinó,VERB,O,declinar,FALSE,
episodio,NOUN,O,episodio,FALSE,
org,VERB,O,org,FALSE,
links,NOUN,O,links,TRUE,False
artículos,NOUN,O,artículo,FALSE,
informa,VERB,O,informar,FALSE,
rol,NOUN,O,rol,TRUE,True
metido,ADJ,O,meter,FALSE,
diaria,ADJ,O,diario,FALSE,
editores,NOUN,O,editor,FALSE,
miembros,NOUN,O,miembro,FALSE,
común,ADJ,O,común,FALSE,
verlo,VERB,O,verlo,FALSE,
anuales,ADJ,O,anual,FALSE,
celebran,VERB,O,celebrar,FALSE,
venerado,VERB,O,venerar,FALSE,
mesías,NOUN,O,mesías,FALSE,
llamar,VERB,O,llamar,FALSE,
asistentes,NOUN,O,asistente,FALSE,
referencias,NOUN,O,referenciar,FALSE,
multitudinarias,NOUN,O,multitudinario,FALSE,
conferencias,ADJ,O,conferenciar,FALSE,
entrega,VERB,O,entregar,FALSE,
speech,NOUN,O,speech,TRUE,False
motivacional,ADJ,O,motivacional,FALSE,
repasa,VERB,O,repasar,FALSE,
hitos,NOUN,O,hito,FALSE,
alcanzados,ADJ,O,alcanzar,FALSE,
cantidad,NOUN,O,cantidad,FALSE,
agregados,ADJ,O,agregar,FALSE,
ediciones,NOUN,O,edición,FALSE,
revisadas,ADJ,O,revisadas,FALSE,
festejados,VERB,O,festejar,FALSE,
campamento,NOUN,O,campamento,FALSE,
scout,ADJ,O,scout,TRUE,True
hobbies,NOUN,O,hobby,TRUE,False
hobby,NOUN,O,hobby,TRUE,False
visita,VERB,O,visitar,FALSE,
afloja,ADJ,O,aflojar,FALSE,
tono,NOUN,O,tono,FALSE,
cercanos,ADJ,O,cercano,FALSE,
gusta,VERB,O,gustar,FALSE,
volar,VERB,O,volar,FALSE,
drones,NOUN,O,drones,FALSE,
diversión,NOUN,O,diversión,FALSE,
damos,VERB,O,dar,FALSE,
paseos,NOUN,O,paseo,FALSE,
parque,NOUN,O,parque,FALSE,
casó,VERB,O,casar,FALSE,
conocida,ADJ,O,conocido,FALSE,
secretaria,NOUN,O,secretario,FALSE,
firma,NOUN,O,firmar,FALSE,
relaciones,NOUN,O,relacionar,FALSE,
bisnieto,NOUN,O,bisnieto,FALSE,
mismísimo,ADJ,O,mismísimo,FALSE,
mudanza,NOUN,O,mudanza,FALSE,
ocasionó,VERB,O,ocasionar,FALSE,
movimiento,NOUN,O,movimiento,FALSE,
busca,VERB,O,buscar,FALSE,
balancear,VERB,O,balancear,FALSE,
responsabilidades,NOUN,O,responsabilidad,FALSE,
campañas,NOUN,O,campaña,FALSE,
pedido,NOUN,O,pedir,FALSE,
ayuda,NOUN,O,ayudar,FALSE,
inicio,NOUN,O,iniciar,FALSE,
donantes,NOUN,O,donante,FALSE,
exista,VERB,O,existir,FALSE,
organizamos,VERB,O,organizar,FALSE,
eventos,NOUN,O,evento,FALSE,
recaudar,VERB,O,recaudar,FALSE,
dinero,NOUN,O,dinero,FALSE,
usuarios,ADJ,O,usuario,FALSE,
principales,ADJ,O,principal,FALSE,
benefactores,NOUN,O,benefactor,FALSE,
pertenezca,VERB,O,pertenecer,FALSE,
filo,NOUN,O,filo,FALSE,
colectiva,ADJ,O,colectivo,FALSE,
gane,VERB,O,ganar,FALSE,
trascienda,ADJ,O,trascender,FALSE,
dure,VERB,O,durar,FALSE,
despertara,VERB,O,despertar,FALSE,
signo,NOUN,O,signar,FALSE,
cabeza,NOUN,O,cabeza,FALSE,
abrir,VERB,O,abrir,FALSE,
apoyo,NOUN,O,apoyar,FALSE,
publicitario,ADJ,O,publicitario,FALSE,
pago,NOUN,O,pagar,FALSE,
cambiado,VERB,O,cambiar,FALSE,
estático,ADJ,O,estático,FALSE,
navegación,NOUN,O,navegación,FALSE,
esperamos,VERB,O,esperar,FALSE,
cambios,NOUN,O,cambio,FALSE,
diseño,NOUN,O,diseñar,FALSE,
parecernos,NOUN,O,parecernos,FALSE,
pone,VERB,O,poner,FALSE,
pelos,NOUN,O,pelo,FALSE,
punta,NOUN,O,punta,FALSE,
pregunta,NOUN,O,preguntar,FALSE,
recurrente,ADJ,O,recurrente,FALSE,
certificar,VERB,O,certificar,FALSE,
mostrar,VERB,O,mostrar,FALSE,
desarrollados,VERB,O,desarrollar,FALSE,
área,NOUN,O,área,FALSE,
específica,ADJ,O,específico,FALSE,
considero,VERB,O,considerar,FALSE,
pensamiento,NOUN,O,pensamiento,FALSE,
incorrecto,ADJ,O,incorrecto,FALSE,
experto,ADJ,O,experto,FALSE,
certificado,ADJ,O,certificar,FALSE,
atrasa,VERB,O,atrasar,FALSE,
diálogo,NOUN,O,diálogo,FALSE,
pensado,ADJ,O,pensar,FALSE,
público,ADJ,O,público,FALSE,
sugerían,VERB,O,sugerir,FALSE,
1911,NOUN,O,1911,FALSE,
tomarlo,VERB,O,tomarlo,FALSE,
partida,NOUN,O,partir,FALSE,
rechazó,VERB,O,rechazar,FALSE,
prueba,NOUN,O,probar,FALSE,
enfatiza,VERB,O,enfatizar,FALSE,
consultado,ADJ,O,consultar,FALSE,
poseídos,VERB,O,poseído,FALSE,
dictatorial,ADJ,O,dictatorial,FALSE,
expresar,VERB,O,expresar,FALSE,
ejecutiva,ADJ,O,ejecutivo,FALSE,
cruce,NOUN,O,cruzar,FALSE,
fundamentar,VERB,O,fundamentar,FALSE,
aporte,NOUN,O,aportar,FALSE,
confiables,ADJ,O,confiable,FALSE,
herramientas,NOUN,O,herramienta,FALSE,
sesgo,NOUN,O,sesgar,FALSE,
discusión,NOUN,O,discusión,FALSE,
reconocido,VERB,O,reconocer,FALSE,
inician,VERB,O,iniciar,FALSE,
pujas,NOUN,O,pujar,FALSE,
maneras,NOUN,O,manera,FALSE,
entender,VERB,O,entender,FALSE,
diferencial,ADJ,O,diferencial,FALSE,
visitado,VERB,O,visitar,FALSE,
portal,NOUN,O,portal,FALSE,
2009,NOUN,O,2009,FALSE,
especial,ADJ,O,especial,FALSE,
casamiento,NOUN,O,casamiento,FALSE,
contarle,NOUN,O,contarle,FALSE,
dificultades,NOUN,O,dificultad,FALSE,
atravesaba,VERB,O,atravesar,FALSE,
asegurar,VERB,O,asegurar,FALSE,
distribuido,VERB,O,distribuir,FALSE,
colegios,NOUN,O,colegio,FALSE,
sorprendió,VERB,O,sorprender,FALSE,
offline,ADJ,O,offline,TRUE,False
soporte,NOUN,O,soportar,FALSE,
entra,VERB,O,entrar,FALSE,
desarrollar,VERB,O,desarrollar,FALSE,
proporcionara,VERB,O,proporcionar,FALSE,
básicas,ADJ,O,básico,FALSE,
abierto,ADJ,O,abrir,FALSE,
selfmademan,VERB,O,selfmademan,TRUE,False
refiere,VERB,O,referir,FALSE,
culto,ADJ,O,culto,FALSE,
autoeducado,ADJ,O,autoeducado,FALSE,
creó,VERB,O,crear,FALSE,
aprender,VERB,O,aprender,FALSE,
esté,VERB,O,estar,FALSE,
pudiéramos,VERB,O,poder,FALSE,
inconcebible,ADJ,O,inconcebible,FALSE,
cierra,VERB,O,cerrar,FALSE,
utilidad,NOUN,O,utilidad,FALSE,
cuestiona,VERB,O,cuestionar,FALSE,
calidad,NOUN,O,calidad,FALSE,
erróneos,ADJ,O,erróneo,FALSE,
malintencionados,ADJ,O,malintencionado,FALSE,
análisis,NOUN,O,análisis,FALSE,
estudiado,VERB,O,estudiar,FALSE,
tesis,NOUN,O,tesis,FALSE,
doctorales,ADJ,O,doctoral,FALSE,
trabajos,NOUN,O,trabajo,FALSE,
universitarios,ADJ,O,universitario,FALSE,
documental,NOUN,O,documental,FALSE,
holandés,ADJ,O,holandés,FALSE,
examina,VERB,O,examinar,FALSE,
fiabilidad,NOUN,O,fiabilidad,FALSE,
dicotomía,NOUN,O,dicotomía,FALSE,
aficionados,NOUN,O,aficionar,FALSE,
resultados,NOUN,O,resultar,FALSE,
extraer,VERB,O,extraer,FALSE,
difieren,VERB,O,diferir,FALSE,
justo,ADJ,O,justar,FALSE,
criticar,VERB,O,criticar,FALSE,
alabar,VERB,O,alabar,FALSE,
cuerpo,NOUN,O,cuerpo,FALSE,
encontrarse,VERB,O,encontrarse,FALSE,
malos,ADJ,O,malo,FALSE,
lleno,ADJ,O,llenar,FALSE,
excelentes,ADJ,O,excelente,FALSE,
obras,NOUN,O,obrar,FALSE,
curadas,ADJ,O,curar,FALSE,
específicos,ADJ,O,específico,FALSE,
opina,VERB,O,opinar,FALSE,
obra,NOUN,O,obrar,FALSE,
superior,ADJ,O,superior,FALSE,
usuario,NOUN,O,usuario,FALSE,
distinguir,VERB,O,distinguir,FALSE,
pararía,VERB,O,parar,FALSE,
detractor,NOUN,O,detractor,FALSE,
abarcativa,ADJ,O,abarcativa,FALSE,
útil,ADJ,O,útil,FALSE,
esparcir,VERB,O,esparcir,FALSE,
roles,NOUN,O,rolar,FALSE,
unió,VERB,O,unir,FALSE,
codirector,NOUN,O,codirector,FALSE,
telefonía,NOUN,O,telefonía,FALSE,
autoproclama,VERB,O,autoproclama,FALSE,
telefónica,NOUN,O,telefónico,FALSE,
ética,ADJ,O,ético,FALSE,
dona,VERB,O,donar,FALSE,
decide,VERB,O,decidir,FALSE,
compromete,VERB,O,comprometer,FALSE,
donar,VERB,O,donar,FALSE,
distinta,ADJ,O,distinto,FALSE,
conversar,VERB,O,conversar,FALSE,
organismos,NOUN,O,organismo,FALSE,
negocio,NOUN,O,negociar,FALSE,
expandirá,VERB,O,expandir,FALSE,
mercados,NOUN,O,mercar,FALSE,
definidos,ADJ,O,definir,FALSE,
impacta,ADJ,O,impactar,FALSE,
habituado,ADJ,O,habituar,FALSE,
dejaré,VERB,O,dejar,FALSE,
noticias,NOUN,O,noticiar,FALSE,
bromea,VERB,O,bromear,FALSE,
negociando,VERB,O,negociar,FALSE,
operadoras,NOUN,O,operador,FALSE,
telefónicas,ADJ,O,telefónico,FALSE,
cargo,NOUN,O,cargar,FALSE,
africanos,ADJ,O,africano,FALSE,
regiones,NOUN,O,región,FALSE,
teléfonos,NOUN,O,teléfono,FALSE,
penetración,NOUN,O,penetración,FALSE,
personalidades,NOUN,O,personalidad,FALSE,
caben,VERB,O,caber,FALSE,
vocero,NOUN,O,vocero,FALSE,
regulación,NOUN,O,regulación,FALSE,
europea,ADJ,O,europeo,FALSE,
exigió,VERB,O,exigir,FALSE,
desarrolle,VERB,O,desarrollar,FALSE,
mecanismos,ADJ,O,mecanismo,FALSE,
tengan,VERB,O,tener,FALSE,
olvido,NOUN,O,olvidar,FALSE,
pedir,VERB,O,pedir,FALSE,
quite,VERB,O,quitar,FALSE,
peligro,NOUN,O,peligrar,FALSE,
olvidado,VERB,O,olvidar,FALSE,
censurar,VERB,O,censurar,FALSE,
pedidos,ADJ,O,pedir,FALSE,
procesaría,VERB,O,procesar,FALSE,
generará,VERB,O,generar,FALSE,
avanzar,VERB,O,avanzar,FALSE,
lanzar,VERB,O,lanzar,FALSE,
formulario,NOUN,O,formulario,FALSE,
retiro,NOUN,O,retirar,FALSE,
comité,NOUN,O,comité,FALSE,
asesor,ADJ,O,asesor,FALSE,
externos,NOUN,O,externo,FALSE,
profesores,NOUN,O,profesor,FALSE,
ética,NOUN,O,ético,FALSE,
abogados,NOUN,O,abogar,FALSE,
especialistas,ADJ,O,especialista,FALSE,
civiles,ADJ,O,civil,FALSE,
figuras,NOUN,O,figurar,FALSE,
tecnológica,ADJ,O,tecnológico,FALSE,
legisladores,NOUN,O,legislador,FALSE,
público,NOUN,O,público,FALSE,
removida,VERB,O,remover,FALSE,
dominio,NOUN,O,dominio,FALSE,
difamatoria,ADJ,O,difamatorio,FALSE,
conseguida,ADJ,O,conseguir,FALSE,
legal,ADJ,O,legal,FALSE,
viole,VERB,O,violar,FALSE,
ley,NOUN,O,ley,FALSE,
defendible,ADJ,O,defendible,FALSE,
diciendo,VERB,O,decir,FALSE,
hablemos,VERB,O,hablar,FALSE,
hablando,VERB,O,hablar,FALSE,
supresión,NOUN,O,supresión,FALSE,
tecnología,NOUN,O,tecnología,FALSE,
visionario,ADJ,O,visionario,FALSE,
ve,VERB,O,ver,FALSE,
liderada,ADJ,O,liderar,FALSE,
dispositivos,NOUN,O,dispositivo,FALSE,
móviles,ADJ,O,móvil,FALSE,
aplicaciones,NOUN,O,aplicación,FALSE,
drástico,ADJ,O,drástico,FALSE,
interfaces,NOUN,O,interfaz,FALSE,
televisores,NOUN,O,televisor,FALSE,
desaparezcan,VERB,O,desaparecer,FALSE,
botones,NOUN,O,botonar,FALSE,
controles,NOUN,O,controlar,FALSE,
intuitivo,ADJ,O,intuitivo,FALSE,
impulsar,VERB,O,impulsar,FALSE,
proyectos,NOUN,O,proyecto,FALSE,
difusión,NOUN,O,difusión,FALSE,
digitalización,NOUN,O,digitalización,FALSE,
archivos,NOUN,O,archivo,FALSE,
capacitación,NOUN,O,capacitación,FALSE,
docente,ADJ,O,docente,FALSE,
talleres,NOUN,O,taller,FALSE,
esfuerzo,NOUN,O,esforzar,FALSE,
promover,VERB,O,promover,FALSE,
instituciones,NOUN,O,institución,FALSE,
culturales,ADJ,O,cultural,FALSE,
argentinas,ADJ,O,argentino,FALSE,
ligado,ADJ,O,ligar,FALSE,
democratización,NOUN,O,democratización,FALSE,
museos,NOUN,O,museo,FALSE,
galerías,NOUN,O,galería,FALSE,
aliados,NOUN,O,aliar,FALSE,
esenciales,ADJ,O,esencial,FALSE,
participativa,ADJ,O,participativo,FALSE,
relevancia,NOUN,O,relevancia,FALSE,
producción,NOUN,O,producción,FALSE,
cultural,ADJ,O,cultural,FALSE,
autóctona,ADJ,O,autóctono,FALSE,
sobrevivientes,NOUN,O,sobreviviente,FALSE,
desarraigo,NOUN,O,desarraigar,FALSE,
posguerra,NOUN,O,posguerra,FALSE,
simultáneo,NOUN,O,simultáneo,FALSE,
recuperar,VERB,O,recuperar,FALSE,
capital,NOUN,O,capital,FALSE,
exiliados,ADJ,O,exiliar,FALSE,
españoles,ADJ,O,españolar,FALSE,
encontraron,VERB,O,encontrar,FALSE,
participaron,VERB,O,participar,FALSE,
